Rua José Loureiro,Centro,Curitiba,80010-000
Rua Marechal Deodoro,Centro,Curitiba,80010-010
Rua Pedro Ivo,Centro,Curitiba,80010-020
Praça Rui Barbosa,Centro,Curitiba,80010-030
Rua Emiliano Perneta,Centro,Curitiba,80010-050
Rua André de Barros,Centro,Curitiba,80010-080
Avenida Visconde de Guarapuava,Centro,Curitiba,80010-100
Rua Desembargador Westphalen,Centro,Curitiba,80010-110
Alameda Doutor Muricy,Centro,Curitiba,80010-120
Avenida Marechal Floriano Peixoto,Centro,Curitiba,80010-130
Rua Monsenhor Celso,Centro,Curitiba,80010-150
Rua Lourenço Pinto,Centro,Curitiba,80010-160
Rua João Negrão,Centro,Curitiba,80010-200
Praça Senador Correia,Centro,Curitiba,80010-210
Centro Comercial Itália,Centro,Curitiba,80010-912
"Rua Marechal Deodoro, 298",Centro,Curitiba,80011-970
Rua Candido Lopes,Centro,Curitiba,80020-060
Avenida Marechal Floriano Peixoto,Centro,Curitiba,80020-090
Praça Tiradentes,Centro,Curitiba,80020-100
Rua Barão do Serro Azul,Centro,Curitiba,80020-180
Rua São Francisco,Centro,Curitiba,80020-190
Rua Prefeito João Moreira Garcez,Centro,Curitiba,80020-200
Rua Alfredo Bufren,Centro,Curitiba,80020-240
Rua Riachuelo,Centro,Curitiba,80020-250
Rua Treze de Maio,Centro,Curitiba,80020-270
Rua Presidente Faria,Centro,Curitiba,80020-290
Rua XV de Novembro,Centro,Curitiba,80020-310
Rua Marechal Deodoro,Centro,Curitiba,80020-320
Avenida João Gualberto,Alto da Glória,Curitiba,80030-000
Avenida João Gualberto,Juvevê,Curitiba,80030-001
Rua Heitor Stockler de Franca,Centro Cívico,Curitiba,80030-030
Rua da Glória,Centro Cívico,Curitiba,80030-060
Rua Comendador Fontana,Centro Cívico,Curitiba,80030-070
Rua Padre Antônio,Centro,Curitiba,80030-100
Avenida Agostinho Leão Júnior,Centro,Curitiba,80030-110
Rua Carlos Eduardo Leão,Alto da Glória,Curitiba,80030-130
Rua Maria Clara,Alto da Glória,Curitiba,80030-140
Rua Ivo Leão,Alto da Glória,Curitiba,80030-180
Travessa José do Patrocínio,Alto da Glória,Curitiba,80030-190
Rua Mauá,Alto da Glória,Curitiba,80030-200
Rua Campos Sales,Alto da Glória,Curitiba,80030-230
Rua Augusto Severo,Alto da Glória,Curitiba,80030-240
Rua Campos Sales,Ahú,Curitiba,80030-285
Rua Doutor Goulin,Alto da Glória,Curitiba,80030-290
Rua Barão de Guaraúna,Alto da Glória,Curitiba,80030-310
Rua Nicolau Maeder,Alto da Glória,Curitiba,80030-330
Rua Campos Sales,Juvevê,Curitiba,80030-376
Rua Cambará,Juvevê,Curitiba,80030-380
Rua Nicolau Maeder,Juvevê,Curitiba,80030-383
Rua Moyses Marcondes,Juvevê,Curitiba,80030-410
Rua Manoel Eufrásio,Juvevê,Curitiba,80030-440
Avenida Munhoz da Rocha,Cabral,Curitiba,80035-000
Rua Bom Jesus,Juvevê,Curitiba,80035-010
Rua São Pedro,Cabral,Curitiba,80035-020
Rua Chichorro Júnior,Cabral,Curitiba,80035-040
Rua dos Funcionários,Cabral,Curitiba,80035-050
Rua Quintino Bocaiúva,Cabral,Curitiba,80035-090
Rua Professor Arthur Loyola,Cabral,Curitiba,80035-100
Rua Recife,Cabral,Curitiba,80035-110
Rua Deputado Joaquim José Pedrosa,Cabral,Curitiba,80035-120
Avenida Paraná,Cabral,Curitiba,80035-130
Rua São Luiz,Cabral,Curitiba,80035-140
Rua Belém,Cabral,Curitiba,80035-170
Rua Vereador Garcia Rodrigues Velho,Cabral,Curitiba,80035-180
Rua Vereador Antônio dos Reis Cavalheiro,Cabral,Curitiba,80035-210
Rua Coronel Amazonas Marcondes,Cabral,Curitiba,80035-230
Rua Abílio Peixoto,Cabral,Curitiba,80035-260
Rua José de Alencar,Juvevê,Curitiba,80040-070
Rua Sete de Abril,Juvevê,Curitiba,80040-120
Rua Conselheiro Carrão,Juvevê,Curitiba,80040-130
Rua Itupava,Juvevê,Curitiba,80040-134
Rua Simão Bolivar,Juvevê,Curitiba,80040-140
Rua Prefeito Ângelo Ferrário Lopes,Hugo Lange,Curitiba,80040-252
Avenida Nossa Senhora da Luz,Hugo Lange,Curitiba,80040-265
Rua Doutor Goulin,Juvevê,Curitiba,80040-280
Rua Augusto Stresser,Juvevê,Curitiba,80040-310
Rua Fernandes de Barros,Hugo Lange,Curitiba,80040-450
Rua Presidente Rodrigo Otávio,Hugo Lange,Curitiba,80040-452
Rua do Herval,Alto da Rua XV,Curitiba,80045-010
Avenida Visconde de Guarapuava,Alto da Rua XV,Curitiba,80045-030
Rua José de Alencar,Alto da Rua XV,Curitiba,80045-115
Rua Dias da Rocha Filho,Alto da Rua XV,Curitiba,80045-130
Travessa João Prosdócimo,Alto da Rua XV,Curitiba,80045-145
Rua Ubaldino do Amaral,Alto da Rua XV,Curitiba,80045-150
Avenida Senador Souza Naves,Alto da Rua XV,Curitiba,80045-190
Rua Flávio Dallegrave,Alto da Rua XV,Curitiba,80045-250
Rua XV de Novembro,Alto da Rua XV,Curitiba,80045-270
Rua Professor Brandão,Alto da Rua XV,Curitiba,80045-280
Rua Professor Brandão,Alto da Rua XV,Curitiba,80045-325
Rua Prefeito Ângelo Ferrário Lopes,Alto da Rua XV,Curitiba,80045-400
Avenida Senador Souza Naves,Cristo Rei,Curitiba,80050-152
Travessa Madre Júlia,Cristo Rei,Curitiba,80050-160
Rua do Herval,Cristo Rei,Curitiba,80050-205
Rua Francisco Alves Guimarães,Cristo Rei,Curitiba,80050-210
Rua José de Alencar,Cristo Rei,Curitiba,80050-240
Rua Atílio Bório,Cristo Rei,Curitiba,80050-250
Avenida São José,Cristo Rei,Curitiba,80050-350
Rua Poeta Francisco Ferreira Leite,Cristo Rei,Curitiba,80050-360
Avenida Presidente Affonso Camargo,Cristo Rei,Curitiba,80050-370
Rua Sanito Rocha,Cristo Rei,Curitiba,80050-380
Rua Eduardo Aguirre Calabresi,Cristo Rei,Curitiba,80050-390
Rua Oyapock,Cristo Rei,Curitiba,80050-450
Travessa Ângelo Piazzetta,Cristo Rei,Curitiba,80050-460
Rua Coronel Pedro Scherer Sobrinho,Cristo Rei,Curitiba,80050-470
Rua João Pontoni,Cristo Rei,Curitiba,80050-490
Rua Governador Agamenon Magalhães,Cristo Rei,Curitiba,80050-510
Rua Urbano Lopes,Cristo Rei,Curitiba,80050-520
Rua Roberto Cichon,Cristo Rei,Curitiba,80050-580
"Rua Schiller, 555",Alto da Rua XV,Curitiba,80050-901
Rua XV de Novembro,Centro,Curitiba,80060-000
Rua Marechal Deodoro,Centro,Curitiba,80060-010
Rua Benjamin Constant,Centro,Curitiba,80060-020
Travessa Itararé,Centro,Curitiba,80060-040
Rua Nilo Cairo,Centro,Curitiba,80060-050
Avenida Visconde de Guarapuava,Centro,Curitiba,80060-060
Avenida Presidente Affonso Camargo,Jardim Botânico,Curitiba,80060-090
Rua Conselheiro Laurindo,Centro,Curitiba,80060-100
Rua Tibagi,Centro,Curitiba,80060-110
Rua Mariano Torres,Centro,Curitiba,80060-120
Rua Francisco Torres,Centro,Curitiba,80060-130
Rua Doutor Faivre,Centro,Curitiba,80060-140
Rua da Paz,Centro,Curitiba,80060-160
Rua Ubaldino do Amaral,Centro,Curitiba,80060-162
Rua Ubaldino do Amaral,Alto da Glória,Curitiba,80060-190
Rua Ubaldino do Amaral,Alto da Glória,Curitiba,80060-195
Rua Amintas de Barros,Centro,Curitiba,80060-205
Rua Conselheiro Araújo,Centro,Curitiba,80060-230
"Rua General Carneiro, 181",Alto da Glória,Curitiba,80060-900
"Rua Amintas de Barros, 330",Centro,Curitiba,80060-901
Avenida Dario Lopes dos Santos,Rebouças,Curitiba,80210-010
Rua Engenheiros Rebouças,Jardim Botânico,Curitiba,80210-040
Rua Brasílio Itiberê,Jardim Botânico,Curitiba,80210-060
Rua Eleonora Muricy Novaes,Jardim Botânico,Curitiba,80210-131
Rua Maurício Nunes Garcia,Jardim Botânico,Curitiba,80210-150
Rua Coronel João da Silva Sampaio,Jardim Botânico,Curitiba,80210-220
Rua Hildebrando de Araújo,Jardim Botânico,Curitiba,80210-260
Rua São Januário,Jardim Botânico,Curitiba,80210-300
Rua Engenheiro Ostoja Roguski,Jardim Botânico,Curitiba,80210-390
Rua Doutor Reynaldo Machado,Rebouças,Curitiba,80215-010
Rua Iapó,Rebouças,Curitiba,80215-020
Rua Imaculada Conceição,Rebouças,Curitiba,80215-030
Avenida Comendador Franco,Jardim Botânico,Curitiba,80215-090
Rua Chile,Rebouças,Curitiba,80215-170
Rua Chile,Prado Velho,Curitiba,80215-184
Rua Francisco Nunes,Prado Velho,Curitiba,80215-202
Rua Iapó,Prado Velho,Curitiba,80215-223
Rua Pedro de Toledo,Prado Velho,Curitiba,80215-280
Rua Manoel Martins de Abreu,Prado Velho,Curitiba,80215-430
Rua Ângelo Ferro,Jardim Botânico,Curitiba,80215-460
"Rua Engenheiros Rebouças, 1376",Rebouças,Curitiba,80215-900
"Rua Imaculada Conceição, 1155",Prado Velho,Curitiba,80215-901
Avenida Marechal Floriano Peixoto,Rebouças,Curitiba,80220-000
Avenida Marechal Floriano Peixoto,Parolin,Curitiba,80220-001
Rua Desembargador Westphalen,Rebouças,Curitiba,80220-030
Rua Desembargador Westphalen,Parolin,Curitiba,80220-031
Rua Alferes Poli,Rebouças,Curitiba,80220-050
Rua Alferes Poli,Parolin,Curitiba,80220-051
Rua Vinte e Quatro de Maio,Rebouças,Curitiba,80220-060
Rua Nunes Machado,Rebouças,Curitiba,80220-070
Rua Lamenha Lins,Rebouças,Curitiba,80220-080
Rua Brigadeiro Franco,Rebouças,Curitiba,80220-100
Rua Chile,Rebouças,Curitiba,80220-180
Rua Conselheiro Dantas,Rebouças,Curitiba,80220-191
Avenida Presidente Kennedy,Rebouças,Curitiba,80220-200
Avenida Presidente Kennedy,Parolin,Curitiba,80220-201
Rua Piauí,Parolin,Curitiba,80220-240
Avenida Marechal Floriano Peixoto,Prado Velho,Curitiba,80220-295
Rua Maria Moscardi Fanini,Guaíra,Curitiba,80220-450
Avenida Silva Jardim,Rebouças,Curitiba,80230-000
Avenida Sete de Setembro,Rebouças,Curitiba,80230-010
Avenida Iguaçu,Rebouças,Curitiba,80230-020
Avenida Presidente Getúlio Vargas,Rebouças,Curitiba,80230-030
Rua Vinte e Quatro de Maio,Centro,Curitiba,80230-080
Avenida Sete de Setembro,Centro,Curitiba,80230-085
Rua Alferes Poli,Centro,Curitiba,80230-090
Rua Desembargador Westphalen,Rebouças,Curitiba,80230-100
Avenida Marechal Floriano Peixoto,Rebouças,Curitiba,80230-110
Rua Rockefeller,Rebouças,Curitiba,80230-130
Rua Piquiri,Rebouças,Curitiba,80230-140
Rua João Negrão,Rebouças,Curitiba,80230-150
Rua Conselheiro Laurindo,Rebouças,Curitiba,80230-180
"Rua João Negrão, 1251",Rebouças,Curitiba,80231-970
Avenida Sete de Setembro,Batel,Curitiba,80240-000
Avenida Sete de Setembro,Seminário,Curitiba,80240-001
Avenida Visconde de Guarapuava,Batel,Curitiba,80240-010
Avenida Silva Jardim,Água Verde,Curitiba,80240-020
Avenida Silva Jardim,Seminário,Curitiba,80240-021
Avenida Iguaçu,Água Verde,Curitiba,80240-030
Avenida Iguaçu,Água Verde,Curitiba,80240-031
Avenida Presidente Getúlio Vargas,Água Verde,Curitiba,80240-040
Avenida Presidente Getúlio Vargas,Vila Izabel,Curitiba,80240-041
Rua Petit Carneiro,Água Verde,Curitiba,80240-050
Rua Brasílio Itiberê,Água Verde,Curitiba,80240-060
Avenida Iguaçu,Vila Izabel,Curitiba,80240-074
Travessa João Turin,Água Verde,Curitiba,80240-100
Rua Bento Viana,Água Verde,Curitiba,80240-110
Rua Silveira Peixoto,Água Verde,Curitiba,80240-120
Rua Doutor Alexandre Gutierrez,Água Verde,Curitiba,80240-130
Rua Saint Hilaire,Água Verde,Curitiba,80240-140
Travessa Lange,Água Verde,Curitiba,80240-170
Travessa Percy Withers,Água Verde,Curitiba,80240-190
Avenida República Argentina,Água Verde,Curitiba,80240-210
Rua Acyr Guimarães,Água Verde,Curitiba,80240-230
Rua Carneiro Lobo,Água Verde,Curitiba,80240-240
Rua Cândido Xavier,Água Verde,Curitiba,80240-280
Rua Herculano Carlos Franco de Souza,Água Verde,Curitiba,80240-290
Rua Lindolfo Pessoa,Seminário,Curitiba,80240-330
Rua Gonçalves Dias,Batel,Curitiba,80240-340
Rua Bernardo Leinig,Vila Izabel,Curitiba,80240-410
Rua Nunes Machado,Centro,Curitiba,80250-000
Rua Lamenha Lins,Centro,Curitiba,80250-020
Rua Brigadeiro Franco,Centro,Curitiba,80250-030
Rua Desembargador Motta,Água Verde,Curitiba,80250-060
Rua Buenos Aires,Batel,Curitiba,80250-070
Rua Buenos Aires,Água Verde,Curitiba,80250-072
Rua Pasteur,Batel,Curitiba,80250-080
Rua Pasteur,Água Verde,Curitiba,80250-104
Rua Maurício Caillet,Água Verde,Curitiba,80250-110
Rua Alferes Ângelo Sampaio,Água Verde,Curitiba,80250-120
Avenida Sete de Setembro,Água Verde,Curitiba,80250-205
Avenida Sete de Setembro,Centro,Curitiba,80250-210
Avenida Visconde de Guarapuava,Centro,Curitiba,80250-220
Travessa João Nociti,Seminário,Curitiba,80310-040
Rua Professor Laertes Munhoz,Seminário,Curitiba,80310-060
Rua José Naves da Cunha,Seminário,Curitiba,80310-080
Rua Professor Ulisses Vieira,Santa Quitéria,Curitiba,80310-120
Rua Professor Brazílio Ovídio da Costa,Santa Quitéria,Curitiba,80310-130
Avenida Presidente Arthur da Silva Bernardes,Santa Quitéria,Curitiba,80310-155
Rua Curupis,Santa Quitéria,Curitiba,80310-200
Rua Coronel Pretextato Pena Forte Taborda Ribas,Santa Quitéria,Curitiba,80310-260
Rua Júlio Eduardo Gineste,Santa Quitéria,Curitiba,80310-410
Rua Abraham Lincoln,Seminário,Curitiba,80310-530
"Avenida Presidente Arthur da Silva Bernardes, 260",Portão,Curitiba,80310-981
Rua Coronel Ottoni Maciel,Vila Izabel,Curitiba,80320-000
Rua Eurides Cunha,Vila Izabel,Curitiba,80320-010
Rua Professor Guido Straube,Vila Izabel,Curitiba,80320-030
Rua Professor Álvaro Jorge,Vila Izabel,Curitiba,80320-040
Rua Professor Dario Veloso,Vila Izabel,Curitiba,80320-050
Rua Professor Sebastião Paraná,Vila Izabel,Curitiba,80320-070
Rua Professor Ulisses Vieira,Vila Izabel,Curitiba,80320-090
Rua Professor Brazílio Ovídio da Costa,Portão,Curitiba,80320-100
Rua Guaianazes,Portão,Curitiba,80320-114
Rua Vital Brasil,Portão,Curitiba,80320-120
Rua Zacarias de Paula Neves,Portão,Curitiba,80320-180
Rua Cândido Xavier,Vila Izabel,Curitiba,80320-220
Rua Vereador Dino Gasparin,Vila Izabel,Curitiba,80320-230
Rua Guaianazes,Vila Izabel,Curitiba,80320-240
Rua Bororós,Vila Izabel,Curitiba,80320-260
Rua Parintins,Vila Izabel,Curitiba,80320-270
Rua Tamoios,Vila Izabel,Curitiba,80320-290
Rua Tabajaras,Vila Izabel,Curitiba,80320-310
Rua Pedro Collere,Vila Izabel,Curitiba,80320-320
Rua Carlos Dietzsch,Portão,Curitiba,80330-000
Rua Curupaitis,Portão,Curitiba,80330-030
Rua Pedro Caetano M. Folador,Portão,Curitiba,80330-130
Rua Jorge Borsatto,Portão,Curitiba,80330-160
Rua Rezala Simão,Santa Quitéria,Curitiba,80330-180
Rua Vieira Fazenda,Portão,Curitiba,80330-200
Rua Amadeu do Amaral,Portão,Curitiba,80330-240
Rua Agostinho Merlin,Portão,Curitiba,80330-300
Rua Francisco Klemtz,Portão,Curitiba,80330-310
Rua Capitão Tenente Maris de Barros,Portão,Curitiba,80330-340
Rua Visconde do Rio Branco,Mercês,Curitiba,80410-000
Rua Padre Agostinho,Mercês,Curitiba,80410-020
Rua Saldanha Marinho,Centro,Curitiba,80410-151
Rua Cruz Machado,Centro,Curitiba,80410-170
Alameda Doutor Carlos de Carvalho,Centro,Curitiba,80410-180
Rua Visconde de Nacar,Mercês,Curitiba,80410-200
Rua Visconde de Nacar,Centro,Curitiba,80410-201
Rua Desembargador Ermelino de Leão,Centro,Curitiba,80410-230
Rua Ébano Pereira,Centro,Curitiba,80410-240
"Rua Ébano Pereira, 240",Centro,Curitiba,80410-903
Rua Comendador Araújo,Centro,Curitiba,80420-000
Avenida Vicente Machado,Centro,Curitiba,80420-010
Avenida Vicente Machado,Batel,Curitiba,80420-011
Rua Gutemberg,Batel,Curitiba,80420-030
Alameda Dom Pedro II,Batel,Curitiba,80420-060
Rua Comendador Araújo,Batel,Curitiba,80420-063
Rua Emiliano Perneta,Centro,Curitiba,80420-080
Avenida do Batel,Batel,Curitiba,80420-090
Rua Benjamin Lins,Batel,Curitiba,80420-100
Rua Doutor Pedrosa,Centro,Curitiba,80420-120
Rua Francisco Rocha,Batel,Curitiba,80420-130
Rua Teixeira Coelho,Batel,Curitiba,80420-150
Rua Coronel Dulcídio,Batel,Curitiba,80420-170
Rua Desembargador Motta,Centro,Curitiba,80420-184
Rua Desembargador Motta,Centro,Curitiba,80420-190
Rua Brigadeiro Franco,Centro,Curitiba,80420-200
Rua Visconde do Rio Branco,Centro,Curitiba,80420-210
"Rua Comendador Araújo, 143",Centro,Curitiba,80420-900
Alameda Presidente Taunay,Bigorrilho,Curitiba,80430-000
Rua Desembargador Isaías Bevilaqua,Mercês,Curitiba,80430-040
Rua Padre Agostinho,Mercês,Curitiba,80430-050
Rua Martim Afonso,Mercês,Curitiba,80430-100
Alameda Princesa Izabel,Mercês,Curitiba,80430-120
Rua Desembargador Motta,Bigorrilho,Curitiba,80430-152
Rua Saldanha Marinho,Centro,Curitiba,80430-160
Alameda Doutor Carlos de Carvalho,Centro,Curitiba,80430-180
Rua Brigadeiro Franco,Mercês,Curitiba,80430-210
Alameda Prudente de Moraes,Centro,Curitiba,80430-220
Rua Desembargador Motta,Mercês,Curitiba,80430-232
Alameda Prudente de Moraes,Mercês,Curitiba,80430-234
Avenida Nossa Senhora Aparecida,Seminário,Curitiba,80440-000
Avenida Vicente Machado,Campina do Siqueira,Curitiba,80440-020
Rua Carmelo Rangel,Batel,Curitiba,80440-050
Rua Bispo Dom José,Batel,Curitiba,80440-080
Rua Carmelo Rangel,Seminário,Curitiba,80440-158
Rua São Thomaz de Aquino,Seminário,Curitiba,80440-160
Rua Bruno Filgueira,Batel,Curitiba,80440-220
Rua Inácio Lustosa,São Francisco,Curitiba,80510-000
Avenida Jaime Reis,São Francisco,Curitiba,80510-010
Rua Treze de Maio,São Francisco,Curitiba,80510-030
Rua Presidente Carlos Cavalcanti,São Francisco,Curitiba,80510-040
Avenida Manoel Ribas,Mercês,Curitiba,80510-346
Travessa General Francisco Lima e Silva,São Francisco,Curitiba,80520-040
Rua Teffe,Bom Retiro,Curitiba,80520-110
Rua Ângelo Zeni,Bom Retiro,Curitiba,80520-140
Rua Mateus Leme,Bom Retiro,Curitiba,80520-174
Rua Domingos Nascimento,Bom Retiro,Curitiba,80520-200
Avenida Desembargador Hugo Simas,Bom Retiro,Curitiba,80520-250
Rua Tapajós,Bom Retiro,Curitiba,80520-260
Rua Antônio Duarte Velloso,Bom Retiro,Curitiba,80520-440
Rua Cláudio Manoel da Costa,Bom Retiro,Curitiba,80520-590
Rua Rolfe Mertens,Pilarzinho,Curitiba,80520-670
Avenida Cândido de Abreu,Centro Cívico,Curitiba,80530-000
Rua Euclides Bandeira,Centro Cívico,Curitiba,80530-020
Rua Senador Xavier da Silva,Centro Cívico,Curitiba,80530-060
Rua Álvaro Ramos,Centro Cívico,Curitiba,80530-190
Rua Marechal Hermes,Juvevê,Curitiba,80530-230
Rua Marechal Hermes,Alto da Glória,Curitiba,80530-233
Rua Manoel dos Santos Barreto,Juvevê,Curitiba,80530-250
Rua Euzébio da Motta,Juvevê,Curitiba,80530-260
Rua Rocha Pombo,Juvevê,Curitiba,80530-290
"Avenida Cândido de Abreu, 526",Centro Cívico,Curitiba,80530-905
"Avenida Cândido de Abreu, 817",Centro Cívico,Curitiba,80530-908
"Avenida Cândido de Abreu, 1130",Centro Cívico,Curitiba,80530-911
"Praça Nossa Senhora de Salette, s/n",Centro Cívico,Curitiba,80530-912
"Avenida Cândido de Abreu, 344",Centro Cívico,Curitiba,80530-914
"Rua Jacy Loureiro de Campos, s/n",Centro Cívico,Curitiba,80530-915
Rua Alberto Folloni,Ahú,Curitiba,80540-000
Rua Manoel Eufrásio,Juvevê,Curitiba,80540-010
Rua Ricardo Lemos,Ahú,Curitiba,80540-030
Rua São Sebastião,Ahú,Curitiba,80540-050
Travessa São Benedito,Ahú,Curitiba,80540-060
Rua Elvira Haupt Grotzner,Ahú,Curitiba,80540-065
Rua Gabriela Mistral,Ahú,Curitiba,80540-150
Rua Tomazina,Ahú,Curitiba,80540-160
Avenida Anita Garibaldi,Ahú,Curitiba,80540-180
Rua Santa Rita de Cássia,Ahú,Curitiba,80540-200
Rua Vereador Washington Mansur,Ahú,Curitiba,80540-210
Rua Emílio Cornelsen,Ahú,Curitiba,80540-220
Rua Marechal Mallet,Ahú,Curitiba,80540-230
Rua São Pio X,Ahú,Curitiba,80540-240
Rua Colombo,Ahú,Curitiba,80540-250
Rua Guaratuba,Ahú,Curitiba,80540-260
Rua Eurípedes Garcez do Nascimento,Ahú,Curitiba,80540-280
Avenida Anita Garibaldi,Cabral,Curitiba,80540-400
Rua Maranhão,Portão,Curitiba,80610-001
Avenida Presidente Kennedy,Água Verde,Curitiba,80610-010
Avenida Presidente Kennedy,Portão,Curitiba,80610-012
Rua Pará,Água Verde,Curitiba,80610-020
Rua Amazonas,Água Verde,Curitiba,80610-030
Avenida dos Estados,Água Verde,Curitiba,80610-040
Rua Rio Grande do Sul,Água Verde,Curitiba,80610-100
Rua Morretes,Portão,Curitiba,80610-150
Rua Augusto de Mari,Portão,Curitiba,80610-180
Rua Paraíba,Portão,Curitiba,80610-190
Rua Álvaro Andrade,Portão,Curitiba,80610-240
Avenida República Argentina,Portão,Curitiba,80610-260
Avenida República Argentina,Portão,Curitiba,80610-265
Praça Padre João Bagozzi,Portão,Curitiba,80610-270
Rua Engenheiro Niepce da Silva,Portão,Curitiba,80610-280
Rua Engenheiro Arthur Bettes,Portão,Curitiba,80610-290
Rua Guilherme Pugsley,Água Verde,Curitiba,80610-300
Rua João Geara,Portão,Curitiba,80610-330
Rua Alípia Marques Verchai,Portão,Curitiba,80610-360
"Avenida Presidente Kennedy, 4121",Portão,Curitiba,80610-905
Rua Guilherme Pugsley,Água Verde,Curitiba,80620-000
Avenida República Argentina,Água Verde,Curitiba,80620-005
Avenida República Argentina,Vila Izabel,Curitiba,80620-010
Rua Goiás,Água Verde,Curitiba,80620-060
Rua Mato Grosso,Água Verde,Curitiba,80620-070
Rua Rio Grande do Sul,Água Verde,Curitiba,80620-080
Travessa Ferreira do Amaral,Água Verde,Curitiba,80620-090
Rua Santa Catarina,Água Verde,Curitiba,80620-100
Rua Palmeiras,Água Verde,Curitiba,80620-110
Rua Dom Pedro I,Água Verde,Curitiba,80620-130
Rua Romédio Dorigo,Água Verde,Curitiba,80620-140
Travessa Rafael Francisco Greca,Água Verde,Curitiba,80620-150
Travessa Capitão Clementino Paraná,Água Verde,Curitiba,80620-180
Avenida Água Verde,Água Verde,Curitiba,80620-200
Rua Marquês do Paraná,Água Verde,Curitiba,80620-210
Rua Monsenhor Manoel Vicente,Água Verde,Curitiba,80620-230
Rua José Cadilhe,Água Verde,Curitiba,80620-240
Rua Alcebíades Plaisant,Água Verde,Curitiba,80620-270
Rua Professor Luiz César,Água Verde,Curitiba,80620-280
Rua Castro,Água Verde,Curitiba,80620-300
Rua Coronel José Gomes do Amaral,Água Verde,Curitiba,80620-380
Rua Paraíba,Guaíra,Curitiba,80630-000
Rua Augusto de Mari,Guaíra,Curitiba,80630-010
Rua Alagoas,Guaíra,Curitiba,80630-050
Jardinete Padre Sílvio Sattler,Guaíra,Curitiba,80630-110
Rua Pernambuco,Guaíra,Curitiba,80630-160
Rua Assis Figueiredo,Guaíra,Curitiba,80630-280
Rua Rio Vila Guaíra,Guaíra,Curitiba,80630-330
Rua Padre Agostinho,Bigorrilho,Curitiba,80710-000
Rua Capitão Joseph Pereira Quevedo,Mercês,Curitiba,80710-120
Rua General Mário Tourinho,Bigorrilho,Curitiba,80710-315
Rua Euclides da Cunha,Bigorrilho,Curitiba,80710-510
Rua Fernando Simas,Mercês,Curitiba,80710-660
"Rua Padre Agostinho, 2885",Bigorrilho,Curitiba,80710-901
Rua Padre Anchieta,Bigorrilho,Curitiba,80730-000
Rua Martim Afonso,Bigorrilho,Curitiba,80730-030
Alameda Princesa Izabel,Bigorrilho,Curitiba,80730-080
Alameda Júlia da Costa,Campina do Siqueira,Curitiba,80730-095
Alameda Augusto Stellfeld,Bigorrilho,Curitiba,80730-150
Rua Saldanha Marinho,Bigorrilho,Curitiba,80730-180
Alameda Doutor Carlos de Carvalho,Batel,Curitiba,80730-200
Alameda Doutor Carlos de Carvalho,Bigorrilho,Curitiba,80730-201
Rua Gastão Câmara,Bigorrilho,Curitiba,80730-300
Rua Dona Alice Tibiriçá,Bigorrilho,Curitiba,80730-320
Rua Coronel Joaquim Ignácio Taborda Ribas,Bigorrilho,Curitiba,80730-330
Rua Marechal José Bernardino Bormann,Bigorrilho,Curitiba,80730-350
Rua Euclides da Cunha,Bigorrilho,Curitiba,80730-360
Rua General Aristides Athayde Júnior,Bigorrilho,Curitiba,80730-370
Rua Bruno Filgueira,Bigorrilho,Curitiba,80730-380
Rua Francisco Rocha,Bigorrilho,Curitiba,80730-390
Rua Desembargador Otávio do Amaral,Bigorrilho,Curitiba,80730-400
Rua Capitão Souza Franco,Batel,Curitiba,80730-420
Rua Alferes Ângelo Sampaio,Bigorrilho,Curitiba,80730-460
Terminal Campina do Siqueira,Campina do Siqueira,Curitiba,80730-470
Rua General Mário Tourinho,Seminário,Curitiba,80740-000
Rua Engenheiro Serafim Voloschen,Campina do Siqueira,Curitiba,80740-040
Rua Professor Pedro Viriato Parigot de Souza,Campina do Siqueira,Curitiba,80740-050
Rua Valentin Harkot,Campina do Siqueira,Curitiba,80740-130
Rua Kalil Elias Warde,Campina do Siqueira,Curitiba,80740-170
Rua Francisco Machado,Campina do Siqueira,Curitiba,80740-180
Rua Álvaro Alvim,Seminário,Curitiba,80740-260
Rua Paulo Ziliotto,Campina do Siqueira,Curitiba,80740-310
Rua Major Heitor Guimarães,Campina do Siqueira,Curitiba,80740-340
Rua Professor Arnaldo Alves de Araújo,Seminário,Curitiba,80740-430
Rua Deputado Nilson Ribas,Seminário,Curitiba,80740-510
Rua Antônio Rodrigues,Seminário,Curitiba,80740-560
Rua José Scuissiato,Seminário,Curitiba,80740-580
Rua Monsenhor Ivo Zanlorenzi,Campina do Siqueira,Curitiba,80740-590
Rua Myltho Anselmo da Silva,Mercês,Curitiba,80810-060
Rua Solimões,Mercês,Curitiba,80810-070
Rua Mamoré,Mercês,Curitiba,80810-080
Rua Tenente João Gomes da Silva,Mercês,Curitiba,80810-100
Rua Júlio Perneta,Mercês,Curitiba,80810-110
Rua Professora Rosa Saporski,Mercês,Curitiba,80810-120
Rua do Amapá,Vista Alegre,Curitiba,80810-200
Rua Carlos Razera,Vista Alegre,Curitiba,80810-310
Rua Jacob Wellner,Vista Alegre,Curitiba,80810-350
Rua Batista Pessine,Vista Alegre,Curitiba,80820-000
Rua Antônio Costa,Vista Alegre,Curitiba,80820-020
Rua João Carlos Pedrosa,Vista Alegre,Curitiba,80820-310
Rua Antônio Grade,Vista Alegre,Curitiba,80820-320
Rua Inglês de Souza,Vista Alegre,Curitiba,80820-530
Rua Comendador David dos Santos Pacheco,Vista Alegre,Curitiba,80820-570
Rua Deputado Rivadávia Vargas,Vista Alegre,Curitiba,80820-630
Avenida Presidente Wenceslau Braz,Lindóia,Curitiba,81010-000
Rua Júlio Diniz,Guaíra,Curitiba,81010-040
Rua Capitão João Zaleski,Lindóia,Curitiba,81010-080
Rua Leon Tolstoi,Lindóia,Curitiba,81010-090
Avenida Henry Ford,Lindóia,Curitiba,81010-100
Rua Mem de Sá,Lindóia,Curitiba,81010-110
Rua Conde dos Arcos,Lindóia,Curitiba,81010-120
Rua Oscar Wilde,Lindóia,Curitiba,81010-230
Rua Djalma Ferreira Maciel,Lindóia,Curitiba,81010-270
Avenida Santa Bernadethe,Portão,Curitiba,81010-310
Rua Elvira Annibaleto,Novo Mundo,Curitiba,81010-340
Rua Cyrillo Merlin,Novo Mundo,Curitiba,81010-360
Rua Sérgio Harris Queirolo,Novo Mundo,Curitiba,81010-410
Rua Maria Trevisan Tortato,Novo Mundo,Curitiba,81020-000
Avenida Brasília,Novo Mundo,Curitiba,81020-010
Rua Ildefonso Stockler de França,Novo Mundo,Curitiba,81020-040
Rua Doutor José Palú,Novo Mundo,Curitiba,81020-050
Rua Adelino Leal Nunes,Novo Mundo,Curitiba,81020-080
Rua João Stenzowski,Novo Mundo,Curitiba,81020-120
Rua Nicolau Serrato Sobrinho,Novo Mundo,Curitiba,81020-130
Rua Waldemiro Ry,Novo Mundo,Curitiba,81020-140
Rua Maria Bueno,Novo Mundo,Curitiba,81020-180
Rua Izidoro Siedeliski,Novo Mundo,Curitiba,81020-290
Rua Clara Polsin,Novo Mundo,Curitiba,81020-310
Rua das Araras,Novo Mundo,Curitiba,81020-490
Rua das Corruíras,Novo Mundo,Curitiba,81020-570
Rua Infante Dom Henrique,Capão Raso,Curitiba,81020-630
Rua São Judas Tadeu,Capão Raso,Curitiba,81020-640
Rua Prefeito Ambrósio Bini,Capão Raso,Curitiba,81020-660
Rua Dante Luiz Júnior,Capão Raso,Curitiba,81020-720
Rua Omilio Monteiro Soares,Fanny,Curitiba,81030-001
Rua Major Vicente de Castro,Fanny,Curitiba,81030-020
Rua Professor Domingos Lukaszewiczs,Fanny,Curitiba,81030-240
Avenida Santa Bernadethe,Fanny,Curitiba,81030-270
Rua Capitão José Maria Sobrinho,Fanny,Curitiba,81030-300
Rua José Ferreira de Barros,Fanny,Curitiba,81030-320
Rua Nelson Antônio Farias,Fanny,Curitiba,81030-350
Rua Hassib Jezzini,Fanny,Curitiba,81030-360
Rua José Taschner,Fanny,Curitiba,81030-370
Rua Rosa Carvalho Chaves,Fanny,Curitiba,81030-390
Rua Pastor Antônio Cardona Aguiar,Novo Mundo,Curitiba,81030-430
Avenida República Argentina,Novo Mundo,Curitiba,81050-001
Rua Alberto Stenzowski,Novo Mundo,Curitiba,81050-020
Rua Bernardo Jacintho da Veiga,Novo Mundo,Curitiba,81050-100
Rua Pedro Zagonel,Novo Mundo,Curitiba,81050-110
Rua Luiz Leopoldo Landal,Novo Mundo,Curitiba,81050-120
Rua Gustavo Schier,Novo Mundo,Curitiba,81050-130
Rua Deputado Waldemiro Pedroso,Novo Mundo,Curitiba,81050-150
Rua João Bonat,Novo Mundo,Curitiba,81050-170
Rua Pedro Gusso,Novo Mundo,Curitiba,81050-200
Rua Mário Chalbaud Biscaia,Novo Mundo,Curitiba,81050-240
Rua Olga de Araújo Espíndola,Novo Mundo,Curitiba,81050-280
Rua Laudelino Ferreira Lopes,Novo Mundo,Curitiba,81050-310
Rua Francisco Fruet,Novo Mundo,Curitiba,81050-390
Rua Fioravante Slaviero,Novo Mundo,Curitiba,81050-400
Rua Doutor Luiz Losso Filho,Novo Mundo,Curitiba,81050-430
Rua Julião Guião Queirolo,Novo Mundo,Curitiba,81050-442
Rua Carolina Castelli,Novo Mundo,Curitiba,81050-450
Rua João de Paula Cordeiro Filho,Novo Mundo,Curitiba,81050-470
Rua General Potiguara,Novo Mundo,Curitiba,81050-500
Rua Frei Gaspar da Madre de Deus,Novo Mundo,Curitiba,81050-590
Rua Alcebíades Ribeiro Padilha,Novo Mundo,Curitiba,81050-600
Rua Nahyr Costa Lima Padilha,Novo Mundo,Curitiba,81050-660
Rua Pastor Osmar Cabral,Novo Mundo,Curitiba,81050-688
Rua João Bettega,Portão,Curitiba,81070-000
Rua João Bettega,Portão,Curitiba,81070-001
Rua Luiz Parigot de Souza,Portão,Curitiba,81070-050
Rua Doutor João Tobias Pinto Rebelo,Portão,Curitiba,81070-070
Rua Miguel Abrão,Portão,Curitiba,81070-140
Rua Itacolomi,Portão,Curitiba,81070-150
Rua Itajubá,Portão,Curitiba,81070-190
Rua Carlos Blanck,Portão,Curitiba,81070-210
Rua Domingos Batista Vizoli,Portão,Curitiba,81070-290
Rua Pedro Américo,Novo Mundo,Curitiba,81110-010
Rua Francisco Raitani,Capão Raso,Curitiba,81110-070
Rua Pedro Krasinski,Capão Raso,Curitiba,81110-080
Rua Delegado Naby Paraná,Capão Raso,Curitiba,81110-120
Rua Bôrtolo Gusso,Capão Raso,Curitiba,81110-200
Rua Eleonora Faria Costa da Silva,Capão Raso,Curitiba,81110-290
Rua Francisco Habinovski,Capão Raso,Curitiba,81110-330
Rua Santa Mônica,Capão Raso,Curitiba,81110-400
Rua Ipiranga,Capão Raso,Curitiba,81110-410
Rua Olintho Vidigal,Capão Raso,Curitiba,81110-440
Rua Elói Orestes Zeglin,Pinheirinho,Curitiba,81110-520
Rua Lothario Boutin,Pinheirinho,Curitiba,81110-522
Avenida Winston Churchill,Capão Raso,Curitiba,81130-000
Rua José Clementino Bettega,Capão Raso,Curitiba,81130-020
Rua Domingos Gabardo,Capão Raso,Curitiba,81130-040
Rua José Zaleski,Capão Raso,Curitiba,81130-060
Rua Frei Teófilo,Capão Raso,Curitiba,81130-070
Rua Professor Waldir de Jesus,Capão Raso,Curitiba,81130-110
Rua Capitão Argemiro Monteiro Wanderley,Capão Raso,Curitiba,81130-160
Rua Marechal Rondon,Capão Raso,Curitiba,81130-170
Rua José Rodrigues Pinheiro,Capão Raso,Curitiba,81130-200
Rua Marechal Octávio Saldanha Mazza,Capão Raso,Curitiba,81130-220
Rua Atílio Brunetti,Capão Raso,Curitiba,81130-230
Rua Francisco de Camargo Pinto,Capão Raso,Curitiba,81130-290
"Avenida Winston Churchill, 2630",Pinheirinho,Curitiba,81130-970
Avenida Winston Churchill,Capão Raso,Curitiba,81150-050
Avenida Winston Churchill,Pinheirinho,Curitiba,81150-051
Rua Atílio Brunetti,Pinheirinho,Curitiba,81150-070
Rua Olindo Sequinel,Capão Raso,Curitiba,81150-120
Rua Leon Nicolas,Capão Raso,Curitiba,81150-140
Rua Doutor Waldemiro Pereira,Capão Raso,Curitiba,81150-150
Rua José Alcides de Lima,Capão Raso,Curitiba,81150-160
Rua Carolina dos Anjos,Pinheirinho,Curitiba,81150-240
Rua João Mendes da Silveira,Pinheirinho,Curitiba,81150-260
Rua da Constituição,Pinheirinho,Curitiba,81150-270
Rua Valentin Nichele,Pinheirinho,Curitiba,81150-310
Rua Aref Kudri,Pinheirinho,Curitiba,81150-317
Rua Valdeci dos Santos,Pinheirinho,Curitiba,81150-370
Rua João Sguario,Cidade Industrial,Curitiba,81170-000
Rua Elvira dos Santos Goulart,Cidade Industrial,Curitiba,81170-090
Rua João Chede,Cidade Industrial,Curitiba,81170-220
Rua Antônio Lacerda Braga,Cidade Industrial,Curitiba,81170-240
Rua Arlindo Cooper,Cidade Industrial,Curitiba,81170-290
Rua Moacyr da Fonseca Lopes,Cidade Industrial,Curitiba,81170-325
Rua Ernesto Che Guevara,Cidade Industrial,Curitiba,81170-327
Rua Angelina Turesso Cavalim,Cidade Industrial,Curitiba,81170-370
Rua Pastor Luiz Antônio Alvear Lagos,Cidade Industrial,Curitiba,81170-400
Avenida Governador Carlos Lacerda,Cidade Industrial,Curitiba,81170-460
Rua Antônio Fernandes da Silva,Cidade Industrial,Curitiba,81170-580
Rua Apparecida Feliciano Caetano,Cidade Industrial,Curitiba,81170-700
Rua Paulo Gorski,Mossunguê,Curitiba,81200-000
Rua Professor Pedro Viriato Parigot de Souza,Mossunguê,Curitiba,81200-100
Rua Deputado Heitor Alencar Furtado,Mossunguê,Curitiba,81200-110
Rua Ricardo Valt,Mossunguê,Curitiba,81200-130
Rua João Domachoski,Mossunguê,Curitiba,81200-150
Rua Tereza Zacot Nicco,Mossunguê,Curitiba,81200-210
Rua Francisco Juglair,Mossunguê,Curitiba,81200-230
Rua José Izidoro Biazetto,Campo Comprido,Curitiba,81200-240
Rua Edmundo Kaminski,Orleans,Curitiba,81200-400
Rua Antônio Kaminski,Orleans,Curitiba,81200-402
Rua Doutor Edemar Ernsen,Campo Comprido,Curitiba,81200-490
Rua Doutor Brasílio Vicente de Castro,Campo Comprido,Curitiba,81200-526
Rua Geraldo Lipka,Mossunguê,Curitiba,81200-590
Rua Elvira Harkot Ramina,Mossunguê,Curitiba,81200-620
Rua Monsenhor Ivo Zanlorenzi,Mossunguê,Curitiba,81210-000
Rua José Carolo,Mossunguê,Curitiba,81210-030
Alameda das Hortênsias,Mossunguê,Curitiba,81210-070
Alameda das Rosas,Mossunguê,Curitiba,81210-080
Rua Amadeu Nico,Mossunguê,Curitiba,81210-195
Rua Paulo Gorski,Mossunguê,Curitiba,81210-220
Rua Jeremias Maciel Perretto,Campo Comprido,Curitiba,81210-310
Rua Padre José Kentenich,Campo Comprido,Curitiba,81210-342
Rua Eduardo Sprada,Campo Comprido,Curitiba,81210-370
Rua Eduardo Sprada,Campo Comprido,Curitiba,81210-371
Rua Francisco Fiorillo,Campo Comprido,Curitiba,81220-040
Rua João Alencar Guimarães,Campo Comprido,Curitiba,81220-190
Rua Íris Antônio Campos,Campo Comprido,Curitiba,81220-370
Rua Norberto Marques Ferreira,Campo Comprido,Curitiba,81220-435
Rua João Dembinski,Cidade Industrial,Curitiba,81230-000
Rua Luiz Tramontin,Campo Comprido,Curitiba,81230-161
Rua Luiz Ronaldo Canalli,Campo Comprido,Curitiba,81230-162
Rua Major Francisco Hardy,Campo Comprido,Curitiba,81230-164
Rua Mário Zanlorenzi,Campo Comprido,Curitiba,81230-165
Rua Renato Polatti,Campo Comprido,Curitiba,81230-170
Rua Rosamélia de Oliveira,Campo Comprido,Curitiba,81230-230
Rua Maria Celestina Monteiro dos Santos,Cidade Industrial,Curitiba,81230-415
Rua Ezequiel da Costa Ribeiro,Cidade Industrial,Curitiba,81230-555
Rua Raul Pompéia,Cidade Industrial,Curitiba,81240-000
Rua Porto União,Cidade Industrial,Curitiba,81240-140
Rua Dionízio Markovicz,Cidade Industrial,Curitiba,81240-160
Rua Garuva,Cidade Industrial,Curitiba,81240-200
Rua Blumenau,Cidade Industrial,Curitiba,81240-220
Rua São Miguel do Oeste,Cidade Industrial,Curitiba,81240-260
Rua João Dembinski,Cidade Industrial,Curitiba,81240-270
Rua Leopoldo da Lazari,Cidade Industrial,Curitiba,81240-350
Rua Leonor Cardoso,Campo Comprido,Curitiba,81240-380
Rua Caravelas,Campo Comprido,Curitiba,81240-410
Rua José Batista dos Santos,Cidade Industrial,Curitiba,81250-000
Rua Clemente Ritz,Cidade Industrial,Curitiba,81250-020
Rua Darci Vargas,Cidade Industrial,Curitiba,81250-190
Rua Professor Osvaldo Ormiamin,Cidade Industrial,Curitiba,81250-200
Rua Nicolau Vorobi,Cidade Industrial,Curitiba,81250-210
Rua Doutor José Guilherme Loyola,Cidade Industrial,Curitiba,81250-270
Rua Doutor Nelson Luiz Wolski Velloso,Cidade Industrial,Curitiba,81250-280
Rua Alfredo Pujol,Cidade Industrial,Curitiba,81250-310
Rua Lodovico Kaminski,Cidade Industrial,Curitiba,81260-040
Rua Ulisses Aurélio Visinoni,Cidade Industrial,Curitiba,81260-080
Rua Raul Pompéia,Cidade Industrial,Curitiba,81260-150
Rua Marcos Antônio Malucelli,Cidade Industrial,Curitiba,81260-260
Rua José Sebastião Baltazar,Cidade Industrial,Curitiba,81260-300
Rua Joaquim de Siqueira Cortes,Cidade Industrial,Curitiba,81260-440
Rua Demerval da Costa e Silva,Cidade Industrial,Curitiba,81260-540
"Avenida Juscelino Kubitschek de Oliveira, 2600",Cidade Industrial,Curitiba,81260-900
Rua Synval Stocchero,Augusta,Curitiba,81265-364
Rua Eduardo Serra,Augusta,Curitiba,81265-460
Rua Robert Redzimski,Cidade Industrial,Curitiba,81270-000
Rua Eduardo Sprada,Cidade Industrial,Curitiba,81270-010
Rua Maria Homan Wisniewski,Cidade Industrial,Curitiba,81270-100
Rua Robert Redzimski,Cidade Industrial,Curitiba,81270-102
Avenida Juscelino Kubitschek de Oliveira,Cidade Industrial,Curitiba,81270-200
Rua Crispina Ferreira Lopes,Cidade Industrial,Curitiba,81270-217
Rua Gastão de Abreu Pires,Cidade Industrial,Curitiba,81270-230
Rua Ibicaré,Cidade Industrial,Curitiba,81270-270
Rua Pedro Carlesso,Cidade Industrial,Curitiba,81270-325
Rua João Dembinski,Cidade Industrial,Curitiba,81270-330
Rua Salvador Gonçalo de Christo,Cidade Industrial,Curitiba,81270-380
Rua Juvino Ransolim,Campo Comprido,Curitiba,81270-480
Rua Bernardo Sobieck,Campo Comprido,Curitiba,81270-500
Rua Padre Victor Dewor,Cidade Industrial,Curitiba,81280-100
Avenida Juscelino Kubitschek de Oliveira,Cidade Industrial,Curitiba,81280-140
Rua Heinz Pechner,Cidade Industrial,Curitiba,81280-170
Rua André Visinoni,Cidade Industrial,Curitiba,81280-190
Rua Padre Francisco Madej,Cidade Industrial,Curitiba,81280-210
Rua Padre Paulo Warkocz,Cidade Industrial,Curitiba,81280-220
Rua Professor João Falarz,Campo Comprido,Curitiba,81280-270
Rua João Koleski,Cidade Industrial,Curitiba,81280-280
Rua Professor Pedro Viriato Parigot de Souza,Cidade Industrial,Curitiba,81280-330
Rua Ângelo Nabosne,Cidade Industrial,Curitiba,81280-332
Rua Deputado Heitor Alencar Furtado,Cidade Industrial,Curitiba,81280-340
Rua Monsenhor Ivo Zanlorenzi,Cidade Industrial,Curitiba,81280-350
Rua Rogério Pereira de Camargo,Cidade Industrial,Curitiba,81280-390
Rua Pedro Dariva,Cidade Industrial,Curitiba,81280-400
Rua João Batista Rossato Belinazo,Cidade Industrial,Curitiba,81280-470
Rua Casemiro Augusto Rodacki,Cidade Industrial,Curitiba,81280-480
Rua Benedito Carollo,Cidade Industrial,Curitiba,81290-060
Rua Pedro Cruzetta,Cidade Industrial,Curitiba,81290-220
Rua Anselmo de Lima Filho,Cidade Industrial,Curitiba,81290-250
Rua Leonardo Cândido Ferreira,Cidade Industrial,Curitiba,81305-310
Rua São Marino,Cidade Industrial,Curitiba,81305-340
Rua Senador Accioly Filho,Cidade Industrial,Curitiba,81310-000
Rua Professor Algacyr Munhoz Mader,Cidade Industrial,Curitiba,81310-020
Avenida das Indústrias,Cidade Industrial,Curitiba,81310-060
Rua João Florentino Ansai,Cidade Industrial,Curitiba,81310-230
Rua Pedro Gusso,Cidade Industrial,Curitiba,81310-300
Rua Valdyr Grando,Cidade Industrial,Curitiba,81310-370
Rua Baldur Magnus Grubba,Cidade Industrial,Curitiba,81310-400
Travessa Mauro Luiz de Matos,Cidade Industrial,Curitiba,81310-437
Rua Brazílio de Araújo,Cidade Industrial,Curitiba,81312-050
Rua Agostinho Brusamolin,Cidade Industrial,Curitiba,81312-090
Rua José Zaleski,Cidade Industrial,Curitiba,81312-110
Rua Eugênia Maria Baptista,Cidade Industrial,Curitiba,81315-110
Rua Nagib Nakle Mitri,Cidade Industrial,Curitiba,81315-220
Rua Orlando Luís Lamarca,Cidade Industrial,Curitiba,81315-660
Rua Carlos Klemtz,Fazendinha,Curitiba,81320-000
Rua Afonso Fruet,Fazendinha,Curitiba,81320-020
Rua Rio Azul,Fazendinha,Curitiba,81320-040
Rua Professor Elevir Dionysio,Fazendinha,Curitiba,81320-090
Rua Miguel Odia Fagundes,Fazendinha,Curitiba,81320-150
Rua Juvenal Carvalho,Fazendinha,Curitiba,81320-185
Rua Doutor Manoel Francisco Ferreira Correia,Portão,Curitiba,81320-260
Rua Desembargador Lauro Sodré Lopes,Portão,Curitiba,81320-290
Rua Dionira Moletta Klemtz,Fazendinha,Curitiba,81320-390
Rua Antônio Dalmarco,Fazendinha,Curitiba,81320-420
Rua Pedro Polati,Fazendinha,Curitiba,81330-050
Rua Fernando de Souza Costa,Fazendinha,Curitiba,81330-170
Rua Ary Rolim Costa,Fazendinha,Curitiba,81330-180
Rua Arnaldo Thá,Fazendinha,Curitiba,81330-200
Rua Jacob Scuissiatto,Fazendinha,Curitiba,81330-240
Rua Viriato Corrêa,Fazendinha,Curitiba,81330-370
Rua Berta Klemtz,Fazendinha,Curitiba,81330-380
Rua Leonardo Javorski,Fazendinha,Curitiba,81330-480
Rua Carlos João Goudard,Fazendinha,Curitiba,81330-540
Rua Daniel Comboni,Fazendinha,Curitiba,81330-550
Rua Edvino Antônio Deboni,Fazendinha,Curitiba,81330-600
Rua Léia Filomena Dias,Fazendinha,Curitiba,81330-680
Rua João Bettega,Cidade Industrial,Curitiba,81350-000
Rua Professor Algacyr Munhoz Mader,Cidade Industrial,Curitiba,81350-010
Rua Luiz Cardoso,Cidade Industrial,Curitiba,81350-120
Rua Senador Accioly Filho,Cidade Industrial,Curitiba,81350-200
Rua Desembargador Cid Campelo,Cidade Industrial,Curitiba,81350-260
Rua João Bettega,Cidade Industrial,Curitiba,81350-274
Conjunto Nova Barigui,Cidade Industrial,Curitiba,81350-300
Rua Atílio Vieira de Moura,Cidade Industrial,Curitiba,81350-550
Rua Renato Hugo Vardanega,Cidade Industrial,Curitiba,81350-668
Rua Engenheiro Elato Silva,Cidade Industrial,Curitiba,81350-669
Rua Rodrigo Faiçal Zeni,Cidade Industrial,Curitiba,81350-736
"Rua João Bettega, 5200",Cidade Industrial,Curitiba,81350-901
Avenida Juscelino Kubitschek de Oliveira,Cidade Industrial,Curitiba,81450-000
Estrada Velha do Barigui,Cidade Industrial,Curitiba,81450-020
Rua Alberto Ferreira,Cidade Industrial,Curitiba,81450-060
Rua Isidoro João Brzezinski,Cidade Industrial,Curitiba,81450-294
Rua Deputado Cunha Bueno,Cidade Industrial,Curitiba,81450-320
Rua Aníbio Gonçalves de Souza,Cidade Industrial,Curitiba,81450-420
Rua Pedro Driessen Filho,Cidade Industrial,Curitiba,81450-430
Rua Professora Pompília Lopes dos Santos,Cidade Industrial,Curitiba,81450-740
Rua Professora Maria do Belém França,São Miguel,Curitiba,81452-358
Avenida Juscelino Kubitschek de Oliveira,Cidade Industrial,Curitiba,81460-000
Rua Vicente Michelotto,Cidade Industrial,Curitiba,81460-010
Rua Ilnah Pacheco Secundino de Oliveira,Cidade Industrial,Curitiba,81460-032
Rua Paul Garfunkel,Cidade Industrial,Curitiba,81460-040
Rua João Lunardelli,Cidade Industrial,Curitiba,81460-100
Rua Roberto Ozório de Almeida,Cidade Industrial,Curitiba,81460-110
Rua Hasdrúbal Bellegard,Cidade Industrial,Curitiba,81460-120
Rua Francisco Sobania,Cidade Industrial,Curitiba,81460-130
Rua Gouber Pinto Dionísio,Cidade Industrial,Curitiba,81460-140
Rua José Armindo de Paula,Cidade Industrial,Curitiba,81460-170
Rua Ney Pacheco,Cidade Industrial,Curitiba,81460-176
Rua Beato Gaspar Stanggassinger,Cidade Industrial,Curitiba,81460-186
Rua Doutor Levi Miró Carneiro,Cidade Industrial,Curitiba,81460-189
Rua João Haupt,Cidade Industrial,Curitiba,81460-206
Rua Ari Manfron,Cidade Industrial,Curitiba,81460-208
Rua Herculano de Araújo Filho,Cidade Industrial,Curitiba,81460-209
Rua Martha Gembaroski Tuleski,Cidade Industrial,Curitiba,81460-280
Rua Engenheiro Eduardo Afonso Nadolny,Cidade Industrial,Curitiba,81460-283
Rua Engenheiro Eduardo Afonso Nadolny,Cidade Industrial,Curitiba,81460-310
Rua Epaminondas Ribeiro,Cidade Industrial,Curitiba,81460-355
Rua Walter José Wunderlich Júnior,Cidade Industrial,Curitiba,81460-357
"Avenida Juscelino Kubitschek de Oliveira, 11800",Cidade Industrial,Curitiba,81460-900
Travessa das Araucárias,Tatuquara,Curitiba,81470-015
Rua Anízia Maria da Conceição Ferreira,Tatuquara,Curitiba,81470-060
Rua Enette Dubard,Tatuquara,Curitiba,81470-075
Rua João Eneas Ramos de Sá,Tatuquara,Curitiba,81470-085
Travessa José Aníbal Dutra Lamin,Tatuquara,Curitiba,81470-095
Travessa Wilmar Sauner,Tatuquara,Curitiba,81470-130
Rua Engenheiro João Kloss,Tatuquara,Curitiba,81470-195
Rua Tenente-Coronel Manoel Eufrásio de Assumpção,Tatuquara,Curitiba,81470-210
Travessa Kalil Karan Filho,Tatuquara,Curitiba,81470-215
Rua Ferdinand Otto Müller,Tatuquara,Curitiba,81470-237
Rua Paulino Silva,Tatuquara,Curitiba,81470-316
Rua Maria Breda,Tatuquara,Curitiba,81470-320
Rua Aldo Adolpho Pietrobelli,Tatuquara,Curitiba,81470-364
Rua Odir Gomes da Rocha,Tatuquara,Curitiba,81470-400
Rua Roberto Emílio Gava,Tatuquara,Curitiba,81470-540
Estrada Delegado Bruno de Almeida,Tatuquara,Curitiba,81480-000
Rua José Zanoncini,Tatuquara,Curitiba,81480-080
Rua Camilo Bueno,Tatuquara,Curitiba,81480-110
Rua Antônio Gai,Tatuquara,Curitiba,81480-140
Rua Alberto Cominese,Tatuquara,Curitiba,81480-143
Travessa Francisco Gabardo,Tatuquara,Curitiba,81480-146
Rua Júlio Batista Pereira,Tatuquara,Curitiba,81480-165
Rua Alfredo Vendramin,Tatuquara,Curitiba,81480-188
Rua Jovenilson Américo de Oliveira,Tatuquara,Curitiba,81480-230
Rua Jornalista Silvino Alves Batista,Tatuquara,Curitiba,81480-250
Rua Doutor José Pires Braga,Tatuquara,Curitiba,81480-257
Rua Francisco José Bozza,Tatuquara,Curitiba,81480-335
Rua Evelázio Augusto Bley,Tatuquara,Curitiba,81480-350
Rua Antônio Arquizes,Tatuquara,Curitiba,81480-404
Estrada Delegado Bruno de Almeida,Campo de Santana,Curitiba,81490-000
Rua Ângelo Tozim,Campo de Santana,Curitiba,81490-030
Rua Adanary Freitas dos Santos,Campo de Santana,Curitiba,81490-037
Rua Emerson Aparecido Rodrigues,Campo de Santana,Curitiba,81490-080
Rua Felicidade Vitorina Suek,Campo de Santana,Curitiba,81490-130
Rua das Margaridas,Campo de Santana,Curitiba,81490-190
Rua Tenente-Coronel Arlindo Cândido Molina,Campo de Santana,Curitiba,81490-210
Rua José Bertoldi,Campo de Santana,Curitiba,81490-366
Rua Antônio Giovanni Bertoldi,Campo de Santana,Curitiba,81490-378
Rua Lydia Girardi Bertholdi,Campo de Santana,Curitiba,81490-416
Rua Joaquim Bertholdi,Campo de Santana,Curitiba,81490-418
Rua Augusto Bertoldi,Campo de Santana,Curitiba,81490-420
Rua Antônio Bertoldi,Campo de Santana,Curitiba,81490-426
Rua Wadih Riskala,Campo de Santana,Curitiba,81490-436
Rua Bispo Dom Jerônimo Mazzarotto,Campo de Santana,Curitiba,81490-448
Rua Altevir Luiz Dallagassa,Campo de Santana,Curitiba,81490-450
Rua Adolpho Bertoldi,Campo de Santana,Curitiba,81490-470
Rua Ismael de Almeida,Campo de Santana,Curitiba,81490-492
Rua Belmira Carvalho Bertoldi,Campo de Santana,Curitiba,81490-502
Rua Emílio Teles de Lima,Campo de Santana,Curitiba,81490-504
Rua Belmiro Krüger,Campo de Santana,Curitiba,81490-514
Rua Lucas Carvalho,Campo de Santana,Curitiba,81490-524
Rua Marcos Bertoldi,Campo de Santana,Curitiba,81490-530
Rua Humberto Bertoldi,Campo de Santana,Curitiba,81490-544
Rua Professor Gilberto Tim,Campo de Santana,Curitiba,81490-546
Rua Luiz Fernando Castro Ballao,Campo de Santana,Curitiba,81490-680
Estrada Delegado Bruno de Almeida,Caximba,Curitiba,81495-000
Avenida Senador Salgado Filho,Guabirotuba,Curitiba,81510-001
Rua Plácido de Castro,Guabirotuba,Curitiba,81510-030
Rua Deputado Leoberto Leal,Guabirotuba,Curitiba,81510-090
Rua João Ferreira Leite,Guabirotuba,Curitiba,81510-150
Rua Edgard Degas,Guabirotuba,Curitiba,81510-280
Rua Capitão João Ribas de Oliveira,Guabirotuba,Curitiba,81510-350
Rua Luiz de Freitas,Guabirotuba,Curitiba,81510-400
Rua José Gianinni Pancetti,Guabirotuba,Curitiba,81510-430
Rua Walter Rodolfo Behling,Guabirotuba,Curitiba,81510-570
Rua Adão Pietnoska,Guabirotuba,Curitiba,81510-680
Avenida Comendador Franco,Guabirotuba,Curitiba,81520-000
Praça Professor Camillo Stellfeld,Jardim das Américas,Curitiba,81520-170
Rua Alcides Therézio de Carvalho,Guabirotuba,Curitiba,81520-230
Rua João Carlos de Souza Castro,Guabirotuba,Curitiba,81520-290
Rua Bela Vista,Guabirotuba,Curitiba,81520-340
Rua Ministro Gabriel Passos,Guabirotuba,Curitiba,81520-620
Avenida Nossa Senhora de Lourdes,Jardim das Américas,Curitiba,81530-020
Rua Frei Fabiano de Cristo,Jardim das Américas,Curitiba,81530-110
Rua Coronel Joaquim Lacerda,Jardim das Américas,Curitiba,81530-160
Rua Carlos Pradi,Jardim das Américas,Curitiba,81530-180
Rua João Itiberê,Jardim das Américas,Curitiba,81530-200
Rua Rodolpho Senff,Jardim das Américas,Curitiba,81530-240
Rua Heitor de Andrade,Jardim das Américas,Curitiba,81530-310
Rua Pedro Demeterco,Jardim das Américas,Curitiba,81530-320
Rua Sinke Ferreira,Jardim das Américas,Curitiba,81530-340
Rua Marechal Cardoso Júnior,Jardim das Américas,Curitiba,81530-420
Rua Joaquim Amaral,Jardim das Américas,Curitiba,81530-430
Avenida Comendador Franco,Jardim das Américas,Curitiba,81530-434
Rua Doutor Constante Coelho,Jardim das Américas,Curitiba,81530-470
Rua Doutor Joaquim Ignácio Silveira da Motta,Uberaba,Curitiba,81530-512
Rua Doutor Alfredo Vieira Barcelos,Uberaba,Curitiba,81530-560
"Avenida Coronel Francisco Heráclito dos Santos, 100",Jardim das Américas,Curitiba,81531-980
Rua Câmara Júnior,Jardim das Américas,Curitiba,81540-000
Rua Doutor Bronislau Ostoja Roguski,Jardim das Américas,Curitiba,81540-080
Rua Coronel Alfredo Ferreira da Costa,Jardim das Américas,Curitiba,81540-090
Rodovia BR-277 Curitiba-Paranaguá,Jardim das Américas,Curitiba,81540-115
Rua Pedro Drulla,Jardim das Américas,Curitiba,81540-140
Rua Wilson Valdívia Domingues,Jardim das Américas,Curitiba,81540-170
Rua Professor João Doetzer,Jardim das Américas,Curitiba,81540-190
Rua Tenente-Brigadeiro Francisco de Assis Corrêa de Mello,Jardim das Américas,Curitiba,81540-210
Rua Almirante Dídio Costa,Jardim das Américas,Curitiba,81540-230
Rua Francisco Maravalhas,Jardim das Américas,Curitiba,81540-360
Rua Francisco Castellano,Jardim das Américas,Curitiba,81540-370
Rua Dona Sazá Lattes,Uberaba,Curitiba,81540-460
Rua Maria Luiza Bazzani Natal,Uberaba,Curitiba,81540-540
Rua Francisco Cascardo,Uberaba,Curitiba,81540-560
Rua Ivo Ferro,Uberaba,Curitiba,81540-570
Rua Júlio Wischral,Uberaba,Curitiba,81540-590
Rua José Choinski,Uberaba,Curitiba,81540-620
Rua Capitão Leônidas Marques,Uberaba,Curitiba,81550-000
Rua Ata,Uberaba,Curitiba,81550-030
Rua Augusto Steembock,Uberaba,Curitiba,81550-080
Rua Tucum,Uberaba,Curitiba,81550-160
Rua Arthur Staude,Uberaba,Curitiba,81550-190
Rua Alberto Pasqualini,Uberaba,Curitiba,81550-310
Rua do Guairicana,Uberaba,Curitiba,81550-320
Rua Dalila Lopes Costa,Uberaba,Curitiba,81550-380
Rua Antônio Dias Barbosa,Uberaba,Curitiba,81550-546
Rua Canuto Calmon Martins de Almeida,Uberaba,Curitiba,81550-554
Avenida Comendador Franco,Uberaba,Curitiba,81560-000
Avenida Comendador Franco,Uberaba,Curitiba,81560-001
Rua Cocos,Uberaba,Curitiba,81560-040
Rua Maracujás,Uberaba,Curitiba,81560-070
Rua Engenheiro Ademar Munhoz,Uberaba,Curitiba,81560-080
Rua Adolfo Werneck,Uberaba,Curitiba,81560-130
Rua Henrique Mehl,Uberaba,Curitiba,81560-140
Rua Guaraná,Uberaba,Curitiba,81560-200
Rua Rosa Mehl,Uberaba,Curitiba,81560-230
Rua Germano Mehl,Uberaba,Curitiba,81560-240
Rua Agostinho Ângelo Trevisan,Uberaba,Curitiba,81560-280
Rua João Maria Leandro,Uberaba,Curitiba,81560-300
Rua Diomar Wambier,Uberaba,Curitiba,81560-330
Rua Luiz Gallieri,Uberaba,Curitiba,81560-340
Rua Butiá,Uberaba,Curitiba,81560-420
Rua Lima,Uberaba,Curitiba,81560-430
Rua Eurides Maciel de Almeida,Uberaba,Curitiba,81560-460
Rua Jambo,Uberaba,Curitiba,81560-490
Rua Antônio Calheiro Rodrigues,Uberaba,Curitiba,81560-580
Rua General Arnaldo dos Santos,Uberaba,Curitiba,81560-653
Rua Amosis Correia de Freitas,Uberaba,Curitiba,81560-660
Avenida Senador Salgado Filho,Uberaba,Curitiba,81570-001
Rua Isac de Oliveira,Uberaba,Curitiba,81570-090
Rua Doutor Gonzaga de Campos,Uberaba,Curitiba,81570-110
Rua Coronel José Carvalho de Oliveira,Uberaba,Curitiba,81570-160
Rua Padre Júlio Saavedra,Uberaba,Curitiba,81570-180
Rua Mário Mendes de Lara,Uberaba,Curitiba,81570-200
Rua Benedito Antunes de Oliveira,Uberaba,Curitiba,81570-320
Rua Elias Moyses Schelela,Uberaba,Curitiba,81570-330
Rua Simão Brante,Uberaba,Curitiba,81570-340
Rua Rafael Arcanjo Machado,Uberaba,Curitiba,81570-370
Rua Alphonse Daudet,Uberaba,Curitiba,81570-380
Rua Salomão Elias Feder,Uberaba,Curitiba,81570-390
Rua Demétrio Lezan,Uberaba,Curitiba,81570-420
Rua Joel Pedrini,Uberaba,Curitiba,81570-500
Rua Aristeu Martins,Uberaba,Curitiba,81570-540
Travessa Ferreira,Uberaba,Curitiba,81570-550
Avenida Senador Salgado Filho,Uberaba,Curitiba,81580-000
Rua Simão Brante,Uberaba,Curitiba,81580-100
Rua Arlindo Natal,Uberaba,Curitiba,81580-460
Rua Victor Meireles,Uberaba,Curitiba,81580-480
Rua Delourdes Loiola de Paula,Uberaba,Curitiba,81590-130
Rua Eunice Bettini Bartoszeck,Uberaba,Curitiba,81590-180
Rua Deputado Tenório Cavalcanti,Uberaba,Curitiba,81590-240
Rua Monsenhor Dunand,Uberaba,Curitiba,81590-330
Rua Paulino Vieira da Silva,Uberaba,Curitiba,81590-335
Rua Senador Alô Guimarães,Uberaba,Curitiba,81590-390
Rua Aline Cristina Bezerra,Uberaba,Curitiba,81590-542
Rua Pedro Ercole,Uberaba,Curitiba,81590-558
Rua Sargento Luiz Carias de Oliveira,Uberaba,Curitiba,81590-559
Rua Maria Clerici Jungles,Uberaba,Curitiba,81590-593
Rua José Laurindo de Castro,Uberaba,Curitiba,81590-596
Avenida Marechal Floriano Peixoto,Hauer,Curitiba,81610-000
Rua Anne Frank,Hauer,Curitiba,81610-020
Praça Dom Geraldo Fernandes,Hauer,Curitiba,81610-030
Rua Carlos de Laet,Hauer,Curitiba,81610-050
Rua Bartolomeu Lourenço de Gusmão,Hauer,Curitiba,81610-060
Rua das Carmelitas,Hauer,Curitiba,81610-070
Rua Alcino Guanabara,Hauer,Curitiba,81610-110
Rua Doutor Júlio César Ribeiro de Souza,Hauer,Curitiba,81610-120
Avenida Marechal Floriano Peixoto,Hauer,Curitiba,81630-000
Rua Tenente Francisco Ferreira de Souza,Hauer,Curitiba,81630-010
Rua Frederico Maurer,Hauer,Curitiba,81630-020
Rua Professora Maria de Assumpção,Hauer,Curitiba,81630-040
Rua Isaías Régis de Miranda,Hauer,Curitiba,81630-050
Rua Professor João Soares Barcelos,Hauer,Curitiba,81630-060
Rua Oliveira Viana,Hauer,Curitiba,81630-070
Rua Padre Dehon,Hauer,Curitiba,81630-090
Rua Irmã Flávia Borlet,Hauer,Curitiba,81630-170
Rua Frei Henrique de Coimbra,Hauer,Curitiba,81630-220
Rua Presidente Pádua Fleury,Hauer,Curitiba,81630-240
Rua Anne Frank,Boqueirão,Curitiba,81650-020
Rua Bom Jesus de Iguape,Boqueirão,Curitiba,81650-030
Rua Bartolomeu Lourenço de Gusmão,Boqueirão,Curitiba,81650-050
Rua das Carmelitas,Boqueirão,Curitiba,81650-060
Rua Roldão Rodrigues Queiroz,Boqueirão,Curitiba,81650-080
Rua Carlos Essenfelder,Boqueirão,Curitiba,81650-090
Rua Professor José Maurício Higgins,Boqueirão,Curitiba,81650-250
Rua Tenente Tito Teixeira de Castro,Boqueirão,Curitiba,81650-270
"Avenida Marechal Floriano Peixoto, 7651",Boqueirão,Curitiba,81650-981
Rua Tenente Francisco Ferreira de Souza,Boqueirão,Curitiba,81670-010
Rua Professora Maria de Assumpção,Boqueirão,Curitiba,81670-040
Rua Professor João Soares Barcelos,Boqueirão,Curitiba,81670-080
Rua Oliveira Viana,Boqueirão,Curitiba,81670-090
Rua Padre Dehon,Boqueirão,Curitiba,81670-100
Rua Paulo Setúbal,Boqueirão,Curitiba,81670-130
Rua Conde de São João das Duas Barras,Boqueirão,Curitiba,81670-170
Rua Cascavel,Boqueirão,Curitiba,81670-180
Rua 25 de Agosto,Boqueirão,Curitiba,81670-200
Rua Humberto Ciccarino,Boqueirão,Curitiba,81670-210
Rua Antônio Schiebel,Boqueirão,Curitiba,81670-380
Rua Salvador Ferrante,Boqueirão,Curitiba,81670-390
Rua Coronel Luiz José dos Santos,Boqueirão,Curitiba,81670-400
Rua Tenente Tito Teixeira de Castro,Boqueirão,Curitiba,81670-430
Rua Evaristo da Veiga,Boqueirão,Curitiba,81670-460
Rua Capitão Audálio Moreira,Boqueirão,Curitiba,81670-480
Rodovia BR-116,Jardim Botânico,Curitiba,81690-100
Rodovia BR-116,Prado Velho,Curitiba,81690-150
Rodovia BR-116,Xaxim,Curitiba,81690-200
Rodovia BR-116,Xaxim,Curitiba,81690-300
Rodovia BR-116,Pinheirinho,Curitiba,81690-410
Rodovia BR-116,Tatuquara,Curitiba,81690-500
"Rodovia BR-116, 18299",Pinheirinho,Curitiba,81690-900
"Rodovia BR-116, 22881",Tatuquara,Curitiba,81690-901
Rua Francisco Derosso,Xaxim,Curitiba,81710-000
Rua Octacyr Reinaldo Mion,Xaxim,Curitiba,81710-050
Rua Antônio Rebelatto,Xaxim,Curitiba,81710-120
Rua José Petroski,Xaxim,Curitiba,81710-220
Rua Vereador Oswaldo Nascimento Bittencourt,Xaxim,Curitiba,81710-240
Rua Jorge de Poli,Xaxim,Curitiba,81710-350
Rua Cristiano Strobel,Xaxim,Curitiba,81710-370
Rua Érico Andretta,Xaxim,Curitiba,81710-400
Rua Francisco Derosso,Xaxim,Curitiba,81720-000
Rua General Theodorico Gonçalves Guimarães,Xaxim,Curitiba,81720-070
Rua Cristiano Strobel,Xaxim,Curitiba,81720-140
Rua Ijuí,Xaxim,Curitiba,81720-170
Rua Júlio Zandoná,Alto Boqueirão,Curitiba,81720-240
Rua Everaldo Backheuser,Alto Boqueirão,Curitiba,81720-330
"Rua Francisco Derosso, 2560",Xaxim,Curitiba,81720-981
Avenida Marechal Floriano Peixoto,Alto Boqueirão,Curitiba,81730-000
Rua Anne Frank,Boqueirão,Curitiba,81730-010
Rua Bom Jesus de Iguape,Boqueirão,Curitiba,81730-020
Rua Carlos de Laet,Boqueirão,Curitiba,81730-030
Rua Bartolomeu Lourenço de Gusmão,Boqueirão,Curitiba,81730-040
Rua das Carmelitas,Boqueirão,Curitiba,81730-050
Rua Carlos Essenfelder,Boqueirão,Curitiba,81730-060
Rua Joaquim Cardoso da Silveira,Boqueirão,Curitiba,81730-150
Rua Ireno Marchesini,Boqueirão,Curitiba,81730-270
Rua Doutor Bley Zornig,Boqueirão,Curitiba,81730-350
Rua Diogo Mugiatti,Boqueirão,Curitiba,81730-360
Avenida Nossa Senhora da Paz,Boqueirão,Curitiba,81730-370
Rua Professora Joanita Bernett Passos,Boqueirão,Curitiba,81730-390
Rua José Hauer,Boqueirão,Curitiba,81730-400
Rua General Djalma da Rocha Lima,Boqueirão,Curitiba,81730-420
Rua Doutor Danilo Gomes,Boqueirão,Curitiba,81750-070
Rua Cascavel,Boqueirão,Curitiba,81750-090
Rua Hyron Homero Damasceno Cassou,Boqueirão,Curitiba,81750-102
Rua Paulo Setúbal,Boqueirão,Curitiba,81750-190
Rua Doutor Arielly Soares da Silva,Boqueirão,Curitiba,81750-220
Rua Arthur Manoel Iwersen,Boqueirão,Curitiba,81750-240
Rua Henrique Dyck,Boqueirão,Curitiba,81750-250
Rua Tenente-Coronel Vilagran Cabrita,Boqueirão,Curitiba,81750-270
Rua Doutor Heleno da Silveira,Boqueirão,Curitiba,81750-340
Rua Januário Alves de Souza,Boqueirão,Curitiba,81750-370
Rua Zonardy Ribas,Boqueirão,Curitiba,81750-380
Rua Pedro Ramos de Oliveira,Alto Boqueirão,Curitiba,81750-410
Rua Pastor Carlos Frank,Boqueirão,Curitiba,81750-420
Rua Doutor Bley Zornig,Boqueirão,Curitiba,81750-430
Rua Desembargador Antônio de Paula,Boqueirão,Curitiba,81750-450
Rua Francisco Derosso,Alto Boqueirão,Curitiba,81770-000
Rua Francisco Ceccon,Alto Boqueirão,Curitiba,81770-120
Rua Vereador Antônio Giacomassi,Alto Boqueirão,Curitiba,81770-240
Rua Pastor Antônio Polito,Alto Boqueirão,Curitiba,81770-260
Rua Francisco Derosso,Alto Boqueirão,Curitiba,81770-263
Rua Angelina Legat Pasini,Alto Boqueirão,Curitiba,81770-330
Rua Professora Edmée Neal Algouver,Alto Boqueirão,Curitiba,81770-370
Rua João Moraes,Alto Boqueirão,Curitiba,81770-520
Rua Arthur Manoel Iwersen,Alto Boqueirão,Curitiba,81770-540
Rua José Donadello,Alto Boqueirão,Curitiba,81770-570
Rua Carlos Klug,Alto Boqueirão,Curitiba,81770-792
Rua Engenheiro Wladislau Dec,Xaxim,Curitiba,81810-010
Rua Zeferino da Costa,Xaxim,Curitiba,81810-030
Rua Odenir Silveira,Xaxim,Curitiba,81810-080
Rua Barão de Santo Ângelo,Xaxim,Curitiba,81810-140
Rua Omar Raymundo Picheth,Xaxim,Curitiba,81810-150
Rua Batista da Costa,Xaxim,Curitiba,81810-190
Rua Torquato Tasso,Xaxim,Curitiba,81810-230
Rua Desembargador João Antônio de Barros Júnior,Xaxim,Curitiba,81810-300
Rua Arthur Euclides de Moura,Xaxim,Curitiba,81810-310
Rua Inácio José de Alvarenga Peixoto,Xaxim,Curitiba,81810-350
Rua Gabriel Frecceiro de Miranda,Xaxim,Curitiba,81810-480
Rua Professor Lauro Zak,Xaxim,Curitiba,81810-580
Rua Professora Júlia Valery Legat Neal,Xaxim,Curitiba,81810-590
Rua Luciano Piuzzi,Pinheirinho,Curitiba,81820-010
Rua Reinaldo Stocco,Pinheirinho,Curitiba,81820-020
Rua Affonso Rainoldo Kuhn,Pinheirinho,Curitiba,81820-120
Rua Abrão Mansur,Pinheirinho,Curitiba,81820-160
Rua 14-Bis,Pinheirinho,Curitiba,81820-170
Rua Izidoro Stavitzki,Pinheirinho,Curitiba,81820-215
Rua Sebastião Vieira da Rosa,Xaxim,Curitiba,81820-250
Rua Dois Vizinhos,Xaxim,Curitiba,81820-320
Rua Álvaro Silva Abelardino,Pinheirinho,Curitiba,81820-400
Rua Agostinho Ribeiro de Lima,Pinheirinho,Curitiba,81825-120
Rua Pastor João Boeira de Vargas,Pinheirinho,Curitiba,81825-140
Rua Professor Júlio Theodorico Guimarães,Pinheirinho,Curitiba,81825-150
Rua Monte Carmelo,Pinheirinho,Curitiba,81825-170
Rua Neusa de Fátima Ferreira,Pinheirinho,Curitiba,81825-235
Rua Adib João Sallum,Pinheirinho,Curitiba,81825-350
Rua Izidoro Stavitzki,Pinheirinho,Curitiba,81825-380
Rua Jornalista Rômulo da Costa Faria,Pinheirinho,Curitiba,81825-390
Rua Antônio Marcelino Scalet,Pinheirinho,Curitiba,81825-400
Rua Pedro Siemens,Xaxim,Curitiba,81830-020
Rua Teodomiro Furtado,Xaxim,Curitiba,81830-030
Rua Ribeirão do Pinhal,Xaxim,Curitiba,81830-040
Rua Cornelius Pries,Xaxim,Curitiba,81830-090
Rua Dante Honório,Xaxim,Curitiba,81830-095
Rua Santo Bozzi,Xaxim,Curitiba,81830-120
Rua João Barbosa de Almeida,Xaxim,Curitiba,81830-200
Rua Tenente Antônio Pupo,Xaxim,Curitiba,81830-230
Rua David Tows,Xaxim,Curitiba,81830-270
Rua Bituruna,Xaxim,Curitiba,81830-380
Rua Borrazópolis,Xaxim,Curitiba,81830-410
Rua Izaac Ferreira da Cruz,Xaxim,Curitiba,81830-470
Rua Soldado Benedito Padilha,Alto Boqueirão,Curitiba,81850-010
Rua Jorge Simão,Alto Boqueirão,Curitiba,81850-240
Rua Expedicionário Francisco Alves de Oliveira,Alto Boqueirão,Curitiba,81850-290
Rua Sílvio Heimbecker,Alto Boqueirão,Curitiba,81850-300
Rua Expedicionário Adão Wojcik,Alto Boqueirão,Curitiba,81850-410
Rua Fernando Munhoz de Souza,Alto Boqueirão,Curitiba,81850-450
Rua Artur Ângelo Pelanda,Alto Boqueirão,Curitiba,81850-580
Rua Bom Sucesso,Alto Boqueirão,Curitiba,81850-700
Rua Izaac Ferreira da Cruz,Alto Boqueirão,Curitiba,81850-724
Rua Indianópolis,Alto Boqueirão,Curitiba,81860-190
Rua Pedro Nabosne,Alto Boqueirão,Curitiba,81860-210
Rua Cidade de Goioerê,Alto Boqueirão,Curitiba,81860-250
Rua Kaloré,Alto Boqueirão,Curitiba,81860-260
Alameda Nossa Senhora do Sagrado Coração,Pinheirinho,Curitiba,81870-010
Rua Ary Claudino Ziemer,Pinheirinho,Curitiba,81870-050
Rua José Dudek,Pinheirinho,Curitiba,81870-110
Rua Izabel Raksa Voluz,Pinheirinho,Curitiba,81870-160
Rua Irmã Catarina Golombek,Pinheirinho,Curitiba,81870-203
Rua Humberto Zanato,Pinheirinho,Curitiba,81870-250
Rua João Malta de Albuquerque Maranhão,Pinheirinho,Curitiba,81870-260
Rua Durval Jungles,Pinheirinho,Curitiba,81870-340
Rua Hélio Dirceu Woitikiw,Pinheirinho,Curitiba,81870-350
Rua Engenheiro João Bley Filho,Pinheirinho,Curitiba,81870-370
Rua Araçari,Pinheirinho,Curitiba,81870-470
Rua Ivan Romeu Teixeira Júnior,Pinheirinho,Curitiba,81870-500
Rua Gertrudes Cruz de Andrade,Pinheirinho,Curitiba,81870-570
Rua José Inácio Xavier,Pinheirinho,Curitiba,81870-670
Rua Nicola Pellanda,Pinheirinho,Curitiba,81880-000
Rua Antônio Teixeira de Andrade,Pinheirinho,Curitiba,81880-100
Rua Vidal Henrique Mengue,Pinheirinho,Curitiba,81880-230
Rua Doutor Plínio Gonçalves Marques,Pinheirinho,Curitiba,81880-300
Rua Andirá,Pinheirinho,Curitiba,81880-360
Rua Abatiá,Pinheirinho,Curitiba,81880-380
Rua Professora Aida de Alvarenga Bonatto,Tatuquara,Curitiba,81880-480
Rua Izaac Ferreira da Cruz,Sítio Cercado,Curitiba,81900-000
Rua Quitandinha,Sítio Cercado,Curitiba,81900-050
Rua Medianeira,Sítio Cercado,Curitiba,81900-060
Rua Marte,Sítio Cercado,Curitiba,81900-065
Rua Balsa Nova,Sítio Cercado,Curitiba,81900-070
Rua Tijucas do Sul,Sítio Cercado,Curitiba,81900-080
Rua João Socha,Sítio Cercado,Curitiba,81900-130
Rua Adair Gelenski,Sítio Cercado,Curitiba,81900-150
Rua Professor Erbo Stenzel,Sítio Cercado,Curitiba,81900-190
Rua Cruzeiro do Sul,Sítio Cercado,Curitiba,81900-230
Rua Sabáudia,Sítio Cercado,Curitiba,81900-300
Rua Ibaiti,Sítio Cercado,Curitiba,81900-330
Rua Porecatu,Sítio Cercado,Curitiba,81900-350
Rua Maria Augusta Soares,Sítio Cercado,Curitiba,81900-370
Rua Arapongas,Sítio Cercado,Curitiba,81900-400
Rua Francisco Novicki,Sítio Cercado,Curitiba,81900-402
Rua Apucarana,Sítio Cercado,Curitiba,81900-430
Rua Celeste Tortato Gabardo,Sítio Cercado,Curitiba,81900-440
Rua Joaquim Pinto Bastos,Sítio Cercado,Curitiba,81900-446
Rua Bandeirantes,Sítio Cercado,Curitiba,81900-490
Rua Marialva,Sítio Cercado,Curitiba,81900-500
Rua Filósofo Huberto Rohden,Sítio Cercado,Curitiba,81900-520
Rua Ivo Bisoni,Sítio Cercado,Curitiba,81900-729
Acesso Pedestre Juarez Manoel Ramos Ribeiro,Sítio Cercado,Curitiba,81900-730
Rua Agustin Cortizo Penelas,Sítio Cercado,Curitiba,81900-739
Rua Francisco José Lobo,Sítio Cercado,Curitiba,81900-747
Rua Didio Sampaio,Sítio Cercado,Curitiba,81900-748
Rua João Zaions,Sítio Cercado,Curitiba,81900-770
Acesso Pastor João Augusto da Silveira,Sítio Cercado,Curitiba,81900-777
Rua Izaac Ferreira da Cruz,Sítio Cercado,Curitiba,81910-000
Rua São José dos Pinhais,Sítio Cercado,Curitiba,81910-010
Rua Campina Grande do Sul,Sítio Cercado,Curitiba,81910-020
Rua Eva Pereira Correia,Sítio Cercado,Curitiba,81910-045
Rua São José de Arimatéia,Sítio Cercado,Curitiba,81910-050
Rua Clevelândia,Sítio Cercado,Curitiba,81910-070
Rua Cafeara,Sítio Cercado,Curitiba,81910-110
Rua Rancho Alegre,Sítio Cercado,Curitiba,81910-130
Rua Rogério Gimenez,Sítio Cercado,Curitiba,81910-270
Rua Mercúrio,Sítio Cercado,Curitiba,81910-360
Rua Moreira Sales,Sítio Cercado,Curitiba,81910-370
Rua SantAna do Itararé,Sítio Cercado,Curitiba,81910-380
Rua da Lua,Sítio Cercado,Curitiba,81910-390
Rua Sirius,Sítio Cercado,Curitiba,81910-420
Rua David Tows,Sítio Cercado,Curitiba,81910-440
Rua Cidade de Ouro,Sítio Cercado,Curitiba,81910-490
Rua Antônio Razera,Sítio Cercado,Curitiba,81910-670
Rua Paulo Robl,Sítio Cercado,Curitiba,81910-720
Rua Aristides Marquezini,Sítio Cercado,Curitiba,81920-020
Rua Antônio Schwartz,Sítio Cercado,Curitiba,81920-140
Rua Astrônomo Omar Khayyam,Sítio Cercado,Curitiba,81920-180
Rua Agenor Antônio Rodrigues,Sítio Cercado,Curitiba,81920-210
Rua Doutor Odarci Antônio Mangi,Sítio Cercado,Curitiba,81920-220
Rua São José dos Pinhais,Sítio Cercado,Curitiba,81920-250
Rua Engenheiro Edlar Silveira dÁvilla,Sítio Cercado,Curitiba,81920-260
Rua Eurides Dorigo,Sítio Cercado,Curitiba,81920-330
Rua Engenheiro Daley Sun Busetti Mori,Sítio Cercado,Curitiba,81920-360
Rua Padre Francisco Van de Water,Sítio Cercado,Curitiba,81920-370
Rua José Bassa,Sítio Cercado,Curitiba,81920-500
Rua Francisco Kochinski,Sítio Cercado,Curitiba,81920-530
Rua Edgard Cavalcanti de Albuquerque,Sítio Cercado,Curitiba,81920-570
Rua Cipriano Barata de Almeida,Sítio Cercado,Curitiba,81920-580
Rua Ourizona,Sítio Cercado,Curitiba,81920-620
Rua Nova Aurora,Sítio Cercado,Curitiba,81920-650
Rua Lupionópolis,Sítio Cercado,Curitiba,81920-680
Rua Escritor José Pereira da Graça Aranha,Sítio Cercado,Curitiba,81920-736
Rua Jorge Simão,Sítio Cercado,Curitiba,81920-752
Travessa Laudemeri Rodrigues Apolônio,Sítio Cercado,Curitiba,81920-755
Rua Aarão Lamenha de Siqueira,Sítio Cercado,Curitiba,81920-758
Rua Tenente Júlio Jacoboski,Sítio Cercado,Curitiba,81925-010
Rua João Fleury da Rocha,Sítio Cercado,Curitiba,81925-040
Rua Antônio Boza,Sítio Cercado,Curitiba,81925-050
Rua Tijucas do Sul,Sítio Cercado,Curitiba,81925-060
Rua Coronel Domingos Theodorico de Freitas,Sítio Cercado,Curitiba,81925-070
Rua Giacomo Lafaiette Munich Bassi,Sítio Cercado,Curitiba,81925-090
Rua Major Miguel Balbino Blasi,Sítio Cercado,Curitiba,81925-100
Rua Olívio Domingos Leonardi,Sítio Cercado,Curitiba,81925-120
Rua Doutor Lauro Gentio Portugal Tavares,Sítio Cercado,Curitiba,81925-160
Rua Nova Aurora,Sítio Cercado,Curitiba,81925-300
Rua Desembargador Francisco de Paula Xavier Filho,Sítio Cercado,Curitiba,81925-320
Rua Ourizona,Sítio Cercado,Curitiba,81925-360
Rua Maria Nicolas,Sítio Cercado,Curitiba,81925-380
Rua Pinhalão,Sítio Cercado,Curitiba,81925-416
Rua Pérola do Oeste,Sítio Cercado,Curitiba,81925-417
Rua José Bassa,Sítio Cercado,Curitiba,81925-430
Rua Nova Esperança,Sítio Cercado,Curitiba,81925-550
Rua Reverendo Jahyr Dittrich,Sítio Cercado,Curitiba,81925-567
Rua Angélica Erthal Kucek,Sítio Cercado,Curitiba,81925-580
Rua Deputado Domício Scaramella,Sítio Cercado,Curitiba,81925-597
Rua Professor João Poeck,Sítio Cercado,Curitiba,81925-610
Rua Deputado Pinheiro Júnior,Umbará,Curitiba,81930-000
Rua Humberto Negrello,Umbará,Curitiba,81930-150
Rua Pedro João Micheleto,Umbará,Curitiba,81930-158
Rua René Ribeiro Teixeira,Umbará,Curitiba,81930-161
Rua Eduardo Pinto da Rocha,Umbará,Curitiba,81930-350
Rua Miguel Ângelo Pelanda,Umbará,Curitiba,81930-450
Rua Vergília Calixto,Umbará,Curitiba,81930-452
Rua Rosinei de Oliveira,Umbará,Curitiba,81930-480
Rua Nair Cravo Westphalen,Umbará,Curitiba,81930-500
Rua Júlia Huga Maria Negrello,Umbará,Curitiba,81930-576
Rua Benedito Cordeiro,Umbará,Curitiba,81930-616
Rua Guilherme Mehl,Umbará,Curitiba,81930-626
Rua Coronel Guilherme Theodoro Buest,Umbará,Curitiba,81930-800
Rua Eduardo Pinto da Rocha,Sítio Cercado,Curitiba,81935-000
Estrada do Ganchinho,Sítio Cercado,Curitiba,81935-006
Rua Professor Naoki Kishida,Sítio Cercado,Curitiba,81935-072
Rua Doutora Léa Knopfholz Grupenmacher,Sítio Cercado,Curitiba,81935-076
Rua Guaçuí,Sítio Cercado,Curitiba,81935-080
Rua Iretama,Sítio Cercado,Curitiba,81935-090
Travessa Doutor Edgar Fontoura,Sítio Cercado,Curitiba,81935-096
Travessa Leonardo Werbitzki,Sítio Cercado,Curitiba,81935-156
Rua Adair Marcondes Negrão,Sítio Cercado,Curitiba,81935-170
Rua Presbítero Waldemiro Miguel Cidral,Sítio Cercado,Curitiba,81935-190
Rua Ana Maria Foggiatto Roda,Sítio Cercado,Curitiba,81935-280
Rua Joaquim Pereira Lopes,Sítio Cercado,Curitiba,81935-281
Rua Tiê-sangue,Sítio Cercado,Curitiba,81935-292
Rua Baitaca,Sítio Cercado,Curitiba,81935-294
Rua Jornalista Calil Simão,Sítio Cercado,Curitiba,81935-304
Rua Engenheira Dayse Therezinha Teixeira Tortato Campregher,Sítio Cercado,Curitiba,81935-305
Rua José Irineu Budant,Sítio Cercado,Curitiba,81935-308
Rua Odinir Polydoro,Sítio Cercado,Curitiba,81935-317
Rua Coronel Newton Oliveira da Silva,Ganchinho,Curitiba,81935-387
Rua Wilson Bóia,Ganchinho,Curitiba,81935-391
Rua Delegado Ozias Algauer,Ganchinho,Curitiba,81935-397
Rua Valério Sprada,Ganchinho,Curitiba,81935-402
Rua Adalermo Miquelasso,Ganchinho,Curitiba,81935-408
Rua Jornalista José Pedro dos Santos,Ganchinho,Curitiba,81935-430
Rua Ignez de Souza Soares,Tatuquara,Curitiba,81940-010
Rua Valentin Pedro Zanon,Tatuquara,Curitiba,81940-130
Rua Bôrtolo Pelanda,Umbará,Curitiba,81940-212
Rua Luiz Nichele,Umbará,Curitiba,81940-290
Rua Nicola Pellanda,Umbará,Curitiba,81940-305
Rua Vereador Ângelo Burbello,Umbará,Curitiba,81940-320
Rua Ruy Christovam Wachowicz,Umbará,Curitiba,81940-332
Rua Vereador Ângelo Burbello,Campo de Santana,Curitiba,81945-010
Rua José Júlio Tortato,Campo de Santana,Curitiba,81945-030
Rua Nicolau José Gravina,Santo Inácio,Curitiba,82010-020
Rua Emílio Mercuri,Santo Inácio,Curitiba,82010-070
Rua Padre Ladislau Kula,Santo Inácio,Curitiba,82010-210
Rua Tobias de Macedo Júnior,Santo Inácio,Curitiba,82010-340
Rua Maury de Jesus da Silva,Santo Inácio,Curitiba,82010-470
Rua Apolônia Kozak,Santo Inácio,Curitiba,82010-630
Rua Anna Gbur Barcik,Santo Inácio,Curitiba,82010-670
Rua Antônio Escorsin,Santa Felicidade,Curitiba,82015-000
Rua Primo Júlio Zanquettim,Santa Felicidade,Curitiba,82015-036
Rua João Azolin,Santa Felicidade,Curitiba,82015-040
Rua Francisca Azolin,Santa Felicidade,Curitiba,82015-060
Rua Carlos Parize,Santa Felicidade,Curitiba,82015-070
Rua Nicolau José Gravina,Cascatinha,Curitiba,82015-080
Rua Joanna Costa,Santa Felicidade,Curitiba,82015-082
Rua Francisco Parise,Santa Felicidade,Curitiba,82015-090
Avenida Cândido Hartmann,Santa Felicidade,Curitiba,82015-100
Rua Bôrtolo Parise,São Braz,Curitiba,82015-310
Rua João Parize,São Braz,Curitiba,82015-320
Rua Tenente Argemiro França Pereira,São Braz,Curitiba,82015-323
Rua Francisco Paganelli,São Braz,Curitiba,82015-382
Rua Juruaçu,São Braz,Curitiba,82015-410
Rua Tapiranga,São Braz,Curitiba,82015-470
Rua Pitanguá,São Braz,Curitiba,82015-480
Rua Antônio Portela,São Braz,Curitiba,82015-500
Rua João Balla,São Braz,Curitiba,82015-520
Rua Maria Júlia Corrêa da Silva,São Braz,Curitiba,82015-540
Rua Altamiro Machado,São Braz,Curitiba,82015-600
Rua Nicolau Boscardin,São Braz,Curitiba,82015-620
Rua Margarida Dallarmi,Santa Felicidade,Curitiba,82015-690
Avenida Manoel Ribas,Cascatinha,Curitiba,82020-000
Rua Antônio Falcão,Cascatinha,Curitiba,82020-060
Rua José Valle,Santa Felicidade,Curitiba,82020-250
Rua Frederico Barz,Santa Felicidade,Curitiba,82020-260
Rua Padre Tiago Alberione,Santa Felicidade,Curitiba,82020-280
Rua Ângelo Domingos Durigan,Santa Felicidade,Curitiba,82020-340
Rua Christina Dresch Vialle,Santa Felicidade,Curitiba,82020-495
Rua Treviso,Santa Felicidade,Curitiba,82020-550
Rua Marchanjo Bianchini,Santa Felicidade,Curitiba,82020-560
Rua Augusto Mocelin,Santa Felicidade,Curitiba,82020-580
Rua Pedro Dalla Stella,Santa Felicidade,Curitiba,82020-610
Rua Pedro Ribeiro dos Santos,Santa Felicidade,Curitiba,82020-620
Rua João Vendramin,Santa Felicidade,Curitiba,82020-650
Rua Juvenal dos Santos,Cascatinha,Curitiba,82025-030
Rua Antônio Falcão,Cascatinha,Curitiba,82025-110
Avenida Manoel Ribas,Cascatinha,Curitiba,82025-160
Rua Professor Francisco Basseti Júnior,Cascatinha,Curitiba,82025-280
Rua Ari José Valle,São João,Curitiba,82030-025
Rua Aureliano Azevedo da Silveira,São João,Curitiba,82030-040
Rua Dinarte Caprilhone,São João,Curitiba,82030-080
Rua Luiz Stival,Santa Felicidade,Curitiba,82030-240
Rua Anair Balla,Santa Felicidade,Curitiba,82030-272
Rua Alberto Zonato,Santa Felicidade,Curitiba,82030-276
Rua Saturnino Miranda,Santa Felicidade,Curitiba,82030-320
Rua Sebastião Santos,Santa Felicidade,Curitiba,82030-420
Rua Bôrtolo Romani Durigan,Santa Felicidade,Curitiba,82030-550
Rua Graziele Wolf,São João,Curitiba,82030-642
Rua Raposo Tavares,Pilarzinho,Curitiba,82100-000
Rua Coronel João Maria Sobrinho,Pilarzinho,Curitiba,82100-230
Rua Gardênio Scorzato,Pilarzinho,Curitiba,82100-240
Rua Raposo Tavares,Pilarzinho,Curitiba,82100-452
Rua Thereza Darif,Pilarzinho,Curitiba,82100-480
Rua Vista Verde,Pilarzinho,Curitiba,82100-490
Rua João Schreiber,Pilarzinho,Curitiba,82100-640
Rua Maria Corrêa Godoy,Pilarzinho,Curitiba,82100-660
Rua Catharina Potina de Mauro,Pilarzinho,Curitiba,82100-700
Rua Alexandre Von Humboldt,Pilarzinho,Curitiba,82110-000
Rua Álvaro Moleta,Pilarzinho,Curitiba,82110-190
Rua Jorge Gava,Pilarzinho,Curitiba,82110-250
Rua Jornalista José Ernesto Ericksen Pereira,Pilarzinho,Curitiba,82110-260
Rua João Locke,Pilarzinho,Curitiba,82110-340
Rua Guy de Maupassant,Pilarzinho,Curitiba,82110-350
Rua Wanda Rocha de Souza,Pilarzinho,Curitiba,82110-440
Rua Oscar Aisengart,Pilarzinho,Curitiba,82110-500
Rua Domingos Antônio Moro,Pilarzinho,Curitiba,82115-010
Rua Vinicius de Morais,Pilarzinho,Curitiba,82115-060
Rua José Ribeiro de Cristo,Pilarzinho,Curitiba,82115-090
Rua Vansolino Granato,Pilarzinho,Curitiba,82115-100
Rua Victório Gabardo,Pilarzinho,Curitiba,82115-130
Rua Segesmundo Kozowski,Pilarzinho,Curitiba,82115-320
Rua Seraphim Lopes,Pilarzinho,Curitiba,82115-360
Rua Raimundo Becker,Pilarzinho,Curitiba,82120-070
Rua Primeiro-Ministro Brochado da Rocha,Pilarzinho,Curitiba,82120-100
Rua Anna Bendett,Pilarzinho,Curitiba,82120-150
Rua Alexandre Schroeder,Pilarzinho,Curitiba,82120-320
Rua Dona Branca do Nascimento Miranda,Pilarzinho,Curitiba,82120-340
Rua Antônio Pegoraro,Pilarzinho,Curitiba,82120-360
Rua Caetano Granato,Pilarzinho,Curitiba,82120-420
Rua Nilo Peçanha,Pilarzinho,Curitiba,82120-440
Rua João Gava,Abranches,Curitiba,82130-010
Rua Antônio Mariano de Lima,Abranches,Curitiba,82130-280
Rua Theodoro Bruno Breithaupt,Abranches,Curitiba,82130-340
Rua Expedicionário Antônio Schwartz,Abranches,Curitiba,82130-420
Rua Prodócimo Lago,Taboão,Curitiba,82130-510
Rodovia dos Minérios PR-092 Curitiba-Rio Branco do Sul,Taboão,Curitiba,82130-570
Rua Mateus Leme,São Lourenço,Curitiba,82200-000
Rua Professor Osvaldo Lopes,São Lourenço,Curitiba,82200-020
Rua Gregório de Matos,São Lourenço,Curitiba,82200-110
Rua Casimiro José Marques de Abreu,São Lourenço,Curitiba,82200-130
Rua Irmão Ruperto Félix,São Lourenço,Curitiba,82200-168
Rua Evaldo Wendler,São Lourenço,Curitiba,82200-180
Rua Newton França Bittencourt,Ahú,Curitiba,82200-270
Rua Atílio Leal,Ahú,Curitiba,82200-360
Rua José Kormann,Ahú,Curitiba,82200-440
Avenida Anita Garibaldi,Boa Vista,Curitiba,82200-550
Rua João Guariza,São Lourenço,Curitiba,82210-010
Rua Professor Nilo Brandão,São Lourenço,Curitiba,82210-050
Rua José Sanson,São Lourenço,Curitiba,82210-070
Rua Mateus Leme,São Lourenço,Curitiba,82210-290
Rua Reinaldo Hecke,São Lourenço,Curitiba,82210-300
Rua Flávio Dallegrave,São Lourenço,Curitiba,82210-310
Avenida Anita Garibaldi,Barreirinha,Curitiba,82220-000
Rua Tenente-Coronel Muniz de Aragão,Barreirinha,Curitiba,82220-040
Rua René Descartes,Barreirinha,Curitiba,82220-070
Rua Carmelina Cavassin,Abranches,Curitiba,82220-170
Rua Lúcia Dechandt,Abranches,Curitiba,82220-180
Rua Aluísio de Azevedo,Abranches,Curitiba,82220-200
Rua Charles Dickens,Abranches,Curitiba,82220-305
Rua Monsenhor Isidoro Mikosz,Cachoeira,Curitiba,82220-360
Rua Irmã Anatólia,Cachoeira,Curitiba,82220-370
Rua João Antunes Branco,Cachoeira,Curitiba,82220-410
Rua Wilson Gomes Ramos,Abranches,Curitiba,82220-510
"Avenida Anita Garibaldi, 3482",Barreirinha,Curitiba,82220-970
Avenida Vereador Toaldo Tulio,São Braz,Curitiba,82300-000
Rua Maria Guebur,Santo Inácio,Curitiba,82300-150
Rua José Lopes dos Santos,Santo Inácio,Curitiba,82300-250
Avenida Vereador Toaldo Túlio,São Braz,Curitiba,82300-332
Avenida Vereador Toaldo Túlio,São Braz,Curitiba,82300-333
Rua Mário Gomes,São Braz,Curitiba,82300-550
"Avenida Vereador Toaldo Túlio, 3054",São Braz,Curitiba,82300-959
Rua Antônio Escorsin,São Braz,Curitiba,82310-010
Rua Antônio de Paula Chanosky,São Braz,Curitiba,82310-030
Rua Jordano Durigan,São Braz,Curitiba,82310-106
Rua Hermenegildo Luca,São Braz,Curitiba,82310-110
Rua Yolando João Toninelo,São Braz,Curitiba,82310-170
Rua Antônio Venski,São Braz,Curitiba,82310-200
Rua Frederico Escorsin,São Braz,Curitiba,82310-210
Avenida Três Marias,Orleans,Curitiba,82310-233
Rua Nabal Guimarães Barreto,Orleans,Curitiba,82310-340
Rua Francisco Baptista da Silva,Orleans,Curitiba,82310-356
Avenida Vereador Toaldo Túlio,Orleans,Curitiba,82310-385
Rua Virgínia Dalabona,Orleans,Curitiba,82310-390
Rua Ângela DallOsto Vizoli,São Braz,Curitiba,82315-020
Rua Ludovico Lucca,São Braz,Curitiba,82315-130
Rua José Veiga,São Braz,Curitiba,82315-220
Rua José Rubens de Lima,São Braz,Curitiba,82315-230
Avenida Vereador Toaldo Túlio,Santa Felicidade,Curitiba,82320-010
Rua Padre Natal Pigato,Santa Felicidade,Curitiba,82320-030
Rua Augustinho Lucca,Santa Felicidade,Curitiba,82320-080
Rua João Volpe,Butiatuvinha,Curitiba,82320-300
Rua Antônio Turíbio Teixeira Braga,Butiatuvinha,Curitiba,82320-380
Rua Acelino Grande,Butiatuvinha,Curitiba,82320-390
Rua Serafim Lucca,São Braz,Curitiba,82320-400
Rua Verônica Szeremeta,São Braz,Curitiba,82320-410
Rua Francisco Comparin,São Braz,Curitiba,82320-430
Rua Carlos Benato,São Braz,Curitiba,82320-440
Rua Homero Camargo de Oliveira,São Braz,Curitiba,82320-470
Avenida Manoel Ribas,Santa Felicidade,Curitiba,82400-000
Rua Via Veneto,Santa Felicidade,Curitiba,82400-020
Rua Sílvio Manfron,Butiatuvinha,Curitiba,82400-210
Rua Domingos Gulin,Butiatuvinha,Curitiba,82400-230
Rua Orlando Peruci,Butiatuvinha,Curitiba,82400-300
Rua Aécio Marcelo Antoniacomi,Butiatuvinha,Curitiba,82400-310
Rua Doutor Faruk Abrão Kalil,Butiatuvinha,Curitiba,82400-350
Rua José Culpi,Butiatuvinha,Curitiba,82400-370
Rua Jornalista Renato Ribas,Butiatuvinha,Curitiba,82400-395
Avenida Francisco Gulin,Santa Felicidade,Curitiba,82410-010
Rua Gerônimo Muraro,Santa Felicidade,Curitiba,82410-020
Rua Joanna Emma Dalpozzo Zardo,Santa Felicidade,Curitiba,82410-150
Rua Angelina Braga Cortezzi,Santa Felicidade,Curitiba,82410-220
Rua Rômulo César Alves,Santa Felicidade,Curitiba,82410-230
Rua Rachel Corayola Bajerski,Santa Felicidade,Curitiba,82410-312
Rua Monsenhor Scalabrini,Santa Felicidade,Curitiba,82410-360
Rua Desembargador Edison Nobre de Lacerda,Santa Felicidade,Curitiba,82410-400
Rua Gentil Antunes Branco,Santa Felicidade,Curitiba,82410-470
Avenida Doutor Eugênio Bertolli,Santa Felicidade,Curitiba,82410-530
Rua Justo Manfron,Santa Felicidade,Curitiba,82410-540
Rua Engenheiro Ronald Machado da Luz,Santa Felicidade,Curitiba,82410-650
Rua Major José Dequech,Santa Felicidade,Curitiba,82410-660
Avenida Paraná,Bacacheri,Curitiba,82510-000
Avenida Nossa Senhora da Luz,Bacacheri,Curitiba,82510-020
Rua Estados Unidos,Bacacheri,Curitiba,82510-050
Rua México,Bacacheri,Curitiba,82510-060
Rua Nicarágua,Bacacheri,Curitiba,82510-170
Rua Costa Rica,Bacacheri,Curitiba,82510-180
Rua Vereador Constante Pinto,Bacacheri,Curitiba,82510-240
Rua Maximino Zanon,Bacacheri,Curitiba,82510-250
Rua Canadá,Bacacheri,Curitiba,82510-290
Rua Doutor Eurico César de Almeida,Bacacheri,Curitiba,82510-400
Rua Cleide Iurk,Bacacheri,Curitiba,82510-440
Avenida Prefeito Erasto Gaertner,Bacacheri,Curitiba,82515-000
Rua Sargento Erwin,Bacacheri,Curitiba,82515-100
Rua Nicarágua,Bacacheri,Curitiba,82515-260
Rua Roberto Lambach,Bacacheri,Curitiba,82515-280
Rua Aviador Luiz Bergmann,Bacacheri,Curitiba,82515-320
Rua Vinte e Nove de Junho,Bacacheri,Curitiba,82515-396
Rua Trajano da Costa Pereira,Bacacheri,Curitiba,82515-410
Rua Aristides Athayde,Jardim Social,Curitiba,82520-050
Rua Ozório Duque Estrada,Jardim Social,Curitiba,82520-470
Rua Renato Thadeo,Bacacheri,Curitiba,82520-560
Rua Professor Lindolfo da Rocha Pombo,Bacacheri,Curitiba,82520-580
Rua Fagundes Varela,Bacacheri,Curitiba,82520-702
Rua Purus,Bacacheri,Curitiba,82520-750
Rua Ribeiralta,Bacacheri,Curitiba,82520-780
"Rua Fagundes Varela, 1405",Jardim Social,Curitiba,82520-981
Avenida Nossa Senhora da Luz,Jardim Social,Curitiba,82530-010
Rua Arcésio Guimarães,Jardim Social,Curitiba,82530-100
Rua Raphael Papa,Jardim Social,Curitiba,82530-190
Avenida Marechal Humberto de Alencar Castelo Branco,Cristo Rei,Curitiba,82530-195
Rua Doutor João Evangelista Espíndola,Tarumã,Curitiba,82530-203
Avenida Victor Ferreira do Amaral,Tarumã,Curitiba,82530-230
Rua Presidente Epitácio Pessoa,Tarumã,Curitiba,82530-270
Avenida Affonso Penna,Tarumã,Curitiba,82530-280
Rua Antônio Camilo,Tarumã,Curitiba,82530-450
Rua Ary Barroso,Boa Vista,Curitiba,82540-000
Rua Leopoldo Manson Vaz,Boa Vista,Curitiba,82540-020
Rua Holanda,Boa Vista,Curitiba,82540-040
Rua Leão Sallum,Boa Vista,Curitiba,82540-050
Rua João Schleder Sobrinho,Boa Vista,Curitiba,82540-060
Rua Benvenuto Gusso,Boa Vista,Curitiba,82540-080
Rua José Merhy,Boa Vista,Curitiba,82540-090
Rua Desembargador Aurélio Feijó,Boa Vista,Curitiba,82540-091
Rua Carlos de Campos,Boa Vista,Curitiba,82540-110
Rua Jovino do Rosário,Boa Vista,Curitiba,82540-115
Rua Vicente Ciccarino,Boa Vista,Curitiba,82540-120
Rua Albina Lunardon Dariva,Boa Vista,Curitiba,82540-180
Rua Miguel Piekarski,Boa Vista,Curitiba,82540-190
Rua Carlota Straube de Araújo,Boa Vista,Curitiba,82540-220
Rua Capistrano de Abreu,Boa Vista,Curitiba,82540-320
Rua Eugênio Mocelin,Boa Vista,Curitiba,82540-360
Rua Nossa Senhora de Nazaré,Boa Vista,Curitiba,82560-000
Rua Francisco Prestes Maia,Boa Vista,Curitiba,82560-010
Rua João Havro,Boa Vista,Curitiba,82560-020
Rua Lodovico Geronazzo,Boa Vista,Curitiba,82560-040
Rua Humberto Geronasso,Barreirinha,Curitiba,82560-160
Rua Paula Prevedello Gusso,Barreirinha,Curitiba,82560-170
Rua José Paschoal Paula,Barreirinha,Curitiba,82560-190
Rua dos Alfeneiros,Boa Vista,Curitiba,82560-300
Rua Maria Carmelina Nenon,Boa Vista,Curitiba,82560-310
Rua Carlota Straube de Araújo,Boa Vista,Curitiba,82560-330
Rua Miguel Piekarski,Boa Vista,Curitiba,82560-340
Rua David Geronasso,Boa Vista,Curitiba,82560-360
Rua Jovino do Rosário,Boa Vista,Curitiba,82560-435
Rua Antônio Lago,Boa Vista,Curitiba,82560-470
Rua Alberto Potier,Boa Vista,Curitiba,82560-480
Rodovia BR-116,Atuba,Curitiba,82590-100
Rodovia BR-116,Bairro Alto,Curitiba,82590-200
Rodovia BR-116,Tarumã,Curitiba,82590-300
Rodovia BR-116,Tarumã,Curitiba,82590-400
Rua Hilário Moro,Tingui,Curitiba,82600-030
Rua Arnaldo Francisco Scremin,Atuba,Curitiba,82600-059
Rua Alferes Marcílio Machado,Tingui,Curitiba,82600-140
Rua Coronel Benedito Tertuliano Cordeiro,Tingui,Curitiba,82600-190
Rua Luiza Verone Piccoli,Tingui,Curitiba,82600-220
Rua Arminda Alves Assumpção,Tingui,Curitiba,82600-240
Rua Jorge Bonn,Tingui,Curitiba,82600-290
Rua Pedro Skora,Tingui,Curitiba,82600-330
Rua Luiz Manoel Agner,Bacacheri,Curitiba,82600-400
Rua Arary Souto,Tingui,Curitiba,82620-010
Rua Edmundo Alberto Mercer,Tingui,Curitiba,82620-120
Rua Eleanor Roosevelt,Tingui,Curitiba,82620-150
Rua Doutor Sátilas do Amaral Camargo,Tingui,Curitiba,82620-265
Avenida Marechal Mascarenhas de Moraes,Atuba,Curitiba,82620-300
Avenida Paraná,Santa Cândida,Curitiba,82620-360
"Avenida Paraná, 4540",Santa Cândida,Curitiba,82620-981
Rua Odete Laura Foggiato,Atuba,Curitiba,82630-040
Rua Cecília Marques da Luz,Atuba,Curitiba,82630-100
Rua Pintor Ricardo Krieger,Atuba,Curitiba,82630-143
Estrada das Olarias,Atuba,Curitiba,82630-160
Rua Delício dalPra,Atuba,Curitiba,82630-304
Rua Jovino Cavalheiro dos Santos,Atuba,Curitiba,82630-305
Rua Bernardo Bubniak,Atuba,Curitiba,82630-306
Rua Engenheiro Jayme Matzenbacher,Atuba,Curitiba,82630-307
Rua Ângelo Zamir Biasi,Atuba,Curitiba,82630-312
Estrada de Santa Cândida,Santa Cândida,Curitiba,82630-490
Rua Máximo João Kopp,Santa Cândida,Curitiba,82630-492
Rua Tijuca,Santa Cândida,Curitiba,82630-540
Rua Fábio Fanuchi,Santa Cândida,Curitiba,82630-550
Rua Jair do Nascimento César,Santa Cândida,Curitiba,82630-560
Rua Cláudio Mendes Sobrinho,Santa Cândida,Curitiba,82630-562
Rua Idalino Francisco Túlio,Santa Cândida,Curitiba,82630-566
Rua Maria Teixeira de Mello,Santa Cândida,Curitiba,82630-600
Rua Pedro Kachel,Santa Cândida,Curitiba,82630-650
Rua Odijalmas Sabóia Lima,Santa Cândida,Curitiba,82630-660
Rua João Gbur,Santa Cândida,Curitiba,82640-000
Rua Theodoro Makiolka,Santa Cândida,Curitiba,82640-010
Rua Mariano Gardolinski,Santa Cândida,Curitiba,82640-030
Rua Doutor Barreto Coutinho,Santa Cândida,Curitiba,82640-050
Rua José Antônio Leprevost,Santa Cândida,Curitiba,82640-070
Rua Engenheiro Paulo Gabriel Passos Brandão,Santa Cândida,Curitiba,82640-080
Rua Oswaldo Portugal Lobato,Santa Cândida,Curitiba,82640-190
Rua Joaquim Telêmaco Carneiro,Santa Cândida,Curitiba,82640-200
Rua João Reboli,Santa Cândida,Curitiba,82640-230
Rua Fernando de Noronha,Santa Cândida,Curitiba,82640-350
Rua Lourenço Volpi,Santa Cândida,Curitiba,82640-440
Rua Doutor Álvaro Teixeira Pinto,Santa Cândida,Curitiba,82640-580
Rua Ângelo Massuchetto,Boa Vista,Curitiba,82650-010
Rua Maria Joana Mulhmann,Boa Vista,Curitiba,82650-030
Rua Professor Omar Gonçalves da Motta,Boa Vista,Curitiba,82650-110
Rua Francisco das Chagas Lopes,Boa Vista,Curitiba,82650-130
Rua Fernando de Noronha,Boa Vista,Curitiba,82650-145
Rua Maria Madalena de Miranda Wolfart,Boa Vista,Curitiba,82650-190
Rua Vicente Geronasso,Boa Vista,Curitiba,82650-230
Rua Amadeu Natal,Santa Cândida,Curitiba,82650-440
Rua Fernando de Noronha,Santa Cândida,Curitiba,82650-505
Rua Clemens Albert Grimm,Santa Cândida,Curitiba,82650-520
Rua Theodoro Makiolka,Santa Cândida,Curitiba,82650-530
Rua Professor Guilherme Butler,Barreirinha,Curitiba,82700-000
Rua Tomas Morus,Barreirinha,Curitiba,82700-160
Rua Vereador Jurandir de Azevedo e Silva,Barreirinha,Curitiba,82700-300
Rua das Paineiras,Barreirinha,Curitiba,82700-340
Rua dos Alfeneiros,Barreirinha,Curitiba,82700-420
Rua Maria Aparecida Beruski,Barreirinha,Curitiba,82700-430
Rua das Cerejeiras,Barreirinha,Curitiba,82700-510
Rua Alberto Otto,Santa Cândida,Curitiba,82710-150
Rua David Bodziak,Cachoeira,Curitiba,82710-260
Rua Engenheiro Francisco Xavier Driesel,Cachoeira,Curitiba,82710-370
Rua Ovídio Garcez,Cachoeira,Curitiba,82710-410
Estrada Guilherme Weigert,Santa Cândida,Curitiba,82720-000
Estrada Nova de Colombo,Santa Cândida,Curitiba,82720-010
Rua Cora Coralina,Santa Cândida,Curitiba,82720-100
Rua Beppe Gusso,Santa Cândida,Curitiba,82720-110
Rua Lourivaldo José da Costa,Santa Cândida,Curitiba,82720-150
Rua Hildo da Paz,Santa Cândida,Curitiba,82720-220
Rua Irma Schreiner Maran,Santa Cândida,Curitiba,82720-342
Rua Estêvão Manika,Santa Cândida,Curitiba,82720-360
Rua José Ursolino Filho,Santa Cândida,Curitiba,82720-390
Rua Doutor Heitor Valente,Tarumã,Curitiba,82800-050
Rua Diógenes Ridgley Raciop,Tarumã,Curitiba,82800-112
Rua Engenheiro Antônio Batista Ribas,Tarumã,Curitiba,82800-130
Rua Francisco Mota Machado,Capão da Imbuia,Curitiba,82800-230
Avenida Presidente Affonso Camargo,Capão da Imbuia,Curitiba,82800-240
Rua José Rissato,Capão da Imbuia,Curitiba,82800-250
Rua Antônio Simm,Capão da Imbuia,Curitiba,82800-290
Rua Octávio Schiavon,Capão da Imbuia,Curitiba,82800-360
"Avenida Victor Ferreira do Amaral, 2940",Capão da Imbuia,Curitiba,82800-900
Rua Coronel Arthur Ferreira de Abreu,Capão da Imbuia,Curitiba,82810-070
Rua Professor Benedito Conceição,Capão da Imbuia,Curitiba,82810-080
Rua Humberto Mattana,Capão da Imbuia,Curitiba,82810-240
Rua Osmário de Lima,Capão da Imbuia,Curitiba,82810-260
Jardinete Francisca Toni Mathias,Capão da Imbuia,Curitiba,82810-320
Avenida Victor Ferreira do Amaral,Tarumã,Curitiba,82810-350
Rua Paulo Kissula,Capão da Imbuia,Curitiba,82810-530
Rua José Saraiva Ferreira,Capão da Imbuia,Curitiba,82810-606
Rua Zorayde Mandeli,Capão da Imbuia,Curitiba,82810-608
Rua Durval Borges de Macedo,Capão da Imbuia,Curitiba,82810-740
Rua Joaquim da Costa Ribeiro,Bairro Alto,Curitiba,82820-050
Rua Alberico Flores Bueno,Bairro Alto,Curitiba,82820-070
Rua Sebastião Alves Ferreira,Bairro Alto,Curitiba,82820-080
Rua Epaminondas Santos,Bairro Alto,Curitiba,82820-090
Rua José de Oliveira Franco,Bairro Alto,Curitiba,82820-110
Rua Heitor Baggio Vidal,Bairro Alto,Curitiba,82820-120
Rua Bruno Lobo,Bairro Alto,Curitiba,82820-140
Rua Luiz Barreto Murat,Bairro Alto,Curitiba,82820-160
Rua Ada Macaggi,Bairro Alto,Curitiba,82820-170
Rua Visconde de Abaeté,Bairro Alto,Curitiba,82820-210
Rua Rio Negro,Bairro Alto,Curitiba,82820-220
Rua José Lins do Rego,Bairro Alto,Curitiba,82820-230
Rua Mercedes Stresser,Bairro Alto,Curitiba,82820-240
Rua Guglielmo Marconi,Bairro Alto,Curitiba,82820-250
Rua Marco Polo,Bairro Alto,Curitiba,82820-260
Rua João Ramalho,Bairro Alto,Curitiba,82820-280
Rua Albino Kaminski,Bairro Alto,Curitiba,82820-310
Rua Marcílio Dias,Bairro Alto,Curitiba,82820-320
Rua Ministro José Linhares,Bairro Alto,Curitiba,82820-370
Rua Percy Feliciano de Castilho,Bairro Alto,Curitiba,82820-380
Rua Konrad Adenauer,Bairro Alto,Curitiba,82820-540
Praça Ivo Rodrigues,Bairro Alto,Curitiba,82820-550
Avenida Coronel Augusto de Almeida Garret,Tarumã,Curitiba,82821-002
Rua José de Oliveira Franco,Bairro Alto,Curitiba,82840-000
Rua Heitor Baggio Vidal,Bairro Alto,Curitiba,82840-010
Rua Bento Ribeiro,Bairro Alto,Curitiba,82840-030
Rua Indaiá,Bairro Alto,Curitiba,82840-110
Rua Epaminondas Santos,Bairro Alto,Curitiba,82840-150
Rua Rio Japurã,Bairro Alto,Curitiba,82840-220
Rua Arthur Ramos,Bairro Alto,Curitiba,82840-240
Rua Rio Amazonas,Bairro Alto,Curitiba,82840-260
Rua Rio Xingu,Bairro Alto,Curitiba,82840-300
Rua Rio Iriri,Bairro Alto,Curitiba,82840-310
Rua Rio Guaporé,Bairro Alto,Curitiba,82840-320
Rua Rio Jaguaribe,Bairro Alto,Curitiba,82840-330
Rua Rio Mucuri,Bairro Alto,Curitiba,82840-340
Rua Rio Tietê,Bairro Alto,Curitiba,82840-350
Rua Ângelo Breseghello,Bairro Alto,Curitiba,82840-540
Rua Ricardo Gonçalez Júnior,Atuba,Curitiba,82860-110
Rua Durvalina Fernandes,Atuba,Curitiba,82860-140
Rua Valentim Antônio Ribeiro,Atuba,Curitiba,82860-260
Rua Francisco Antônio Ribeiro,Atuba,Curitiba,82860-320
Rua Maria Cacilda de Azevedo,Atuba,Curitiba,82860-410
Rua Pandiá Calógeras,Cajuru,Curitiba,82900-000
Rua Doutor Estevam Ribeiro de Souza Netto,Cajuru,Curitiba,82900-060
Rua Professora Olga Balster,Cajuru,Curitiba,82900-070
Rua Vidal Natividade da Silva,Cajuru,Curitiba,82900-110
Rua Irmão Luiz Vicente,Cajuru,Curitiba,82900-140
Rua Dom João VI,Cajuru,Curitiba,82900-150
Rua Luiz França,Cajuru,Curitiba,82900-250
Rua Albina Reffo Bocchino,Cajuru,Curitiba,82900-260
Rua João Crysóstomo da Rosa,Cajuru,Curitiba,82900-410
Rua dos Ferroviários,Cajuru,Curitiba,82920-100
Rua da Trindade,Cajuru,Curitiba,82920-120
Rua Esper Jorge Chueri,Cajuru,Curitiba,82920-190
Rua Fortaleza,Cajuru,Curitiba,82920-220
Rua Marian Tadeuzs Laslowski,Cajuru,Curitiba,82920-260
Rua Wenceslau Teixeira Alves,Cajuru,Curitiba,82920-310
Rua Bertha Lutz,Cajuru,Curitiba,82920-400
Rua Pedro Violani,Cajuru,Curitiba,82930-040
Rua Niterói,Cajuru,Curitiba,82930-050
Rua Sebastião Marcos Luiz,Cajuru,Curitiba,82930-060
Rua Capitão Guilherme Bianchi,Cajuru,Curitiba,82930-090
Rua Natal,Cajuru,Curitiba,82930-210
Rua Esper Jorge Chueri,Cajuru,Curitiba,82930-220
Rua Dante Melara,Cajuru,Curitiba,82930-240
Rua Terezina,Cajuru,Curitiba,82930-250
Rua da Trindade,Cajuru,Curitiba,82930-255
Rua Tranquilo Saragiotto,Cajuru,Curitiba,82930-436
Rua Leonardo Novicki,Cajuru,Curitiba,82930-548
Rua José Fabiano Barcik,Cajuru,Curitiba,82940-050
Rua Leoclides Pereira de Macedo,Cajuru,Curitiba,82940-060
Rua Miguel Caluf,Cajuru,Curitiba,82940-110
Rua Salim Tacla,Cajuru,Curitiba,82940-130
Rua Goiânia,Cajuru,Curitiba,82940-150
Rua Salvador,Cajuru,Curitiba,82940-160
Rua Niterói,Cajuru,Curitiba,82940-270
Avenida Florianópolis,Cajuru,Curitiba,82940-300
Rua Roraima,Cajuru,Curitiba,82940-330
Rua Bento Gonçalves,Cajuru,Curitiba,82940-410
Rua Brasílio França,Cajuru,Curitiba,82950-040
Rua Catulo da Paixão Cearense,Cajuru,Curitiba,82960-000
Rua Jordânia,Cajuru,Curitiba,82960-010
Rua Amador Bueno,Cajuru,Curitiba,82960-020
Rua Cidade de Antonina,Cajuru,Curitiba,82960-090
Rua Nhundiaquara,Cajuru,Curitiba,82960-120
Rua Ceilão,Cajuru,Curitiba,82960-160
Rua Plátanos,Cajuru,Curitiba,82960-478
Rua Solidariedade,Cajuru,Curitiba,82960-490
Avenida Jornalista Aderbal Gaertner Stresser,Cajuru,Curitiba,82970-012
Rua Doutor Othon Accioly Rodrigues da Costa,Cajuru,Curitiba,82970-040
Rua Edgard de Alencar Guimarães,Cajuru,Curitiba,82970-050
Rua Ângelo João Gottardi,Cajuru,Curitiba,82970-060
Rua Dídimo Agapito da Veiga,Cajuru,Curitiba,82970-090
Rua Izahia Cecin Calixto,Cajuru,Curitiba,82970-180
Rua Doutor Theodorico de Oliveira Franco,Cajuru,Curitiba,82970-210
Rua Reverendo Lauro de Castro,Cajuru,Curitiba,82970-290
Rua Raynoldo Morbis,Cajuru,Curitiba,82980-010
Rua Padre José Poliga,Cajuru,Curitiba,82980-050
Rua Padre Estanislau Cebula,Cajuru,Curitiba,82980-060
Rua Doutor José Giostri Sobrinho,Cajuru,Curitiba,82980-080
Rua João Tobias de Paiva Netto,Cajuru,Curitiba,82980-130
Rua Manoel Felipe Rodrigues Moraes,Cajuru,Curitiba,82980-300
Rua Miguel Pedro Abib,Cajuru,Curitiba,82980-410
Rua Rubens João Henrique Plois,Cajuru,Curitiba,82980-450
Rua Maria Barchiki Chinasso,Cajuru,Curitiba,82980-480
Rua Luiz Visinoni,Cajuru,Curitiba,82990-042
Rua Arthur S. Correia de Freitas,Cajuru,Curitiba,82990-095
Rua Adolpho Carniatto,Cajuru,Curitiba,82990-195
Rua Radialista Oldemar Kramer,Cajuru,Curitiba,82990-197
Rua Engenheiro Sílvio Asinelli,Cajuru,Curitiba,82990-218
Rua Rubens Thomé Speltz,Cajuru,Curitiba,82990-270
Rua Feliciano Kurek,Cajuru,Curitiba,82990-477
Rua José Osinski,Cajuru,Curitiba,82990-479